Index Name,Index Date,Open Index Value,High Index Value,Low Index Value,Closing Index Value,Points Change,Change(%),Volume,Turnover (Rs. Cr.),P/E,P/B,Div Yield
Nifty 50,4/5/2020,9533.5,9533.5,9266.95,9293.5,-566.4,-5.74,687487134,29785.95,21.39,2.65,1.64
Nifty Next 50,4/5/2020,23432,23486.15,23077.75,23108.95,-993.8,-4.12,732616722,8009.11,62.05,3.05,1.43
Nifty 100,4/5/2020,9682.65,9683.25,9430.35,9454.05,-552.85,-5.52,1424063547,37809.41,23.57,2.69,1.61
Nifty 200,4/5/2020,4922.45,4922.8,4797.75,4810.05,-275.05,-5.41,1938621322,43796.75,23.04,2.58,1.6
Nifty 500,4/5/2020,7764.95,7765.8,7578.75,7596.9,-416,-5.19,2167488400,46673.18,24.06,2.49,1.57
Nifty Midcap 50,4/5/2020,3605.35,3608.55,3530.95,3548.65,-173.75,-4.67,469363900,5080.35,17.96,1.55,1.82
NIFTY Midcap 100,4/5/2020,13119.05,13124.75,12862.9,12908.4,-593.6,-4.4,514557775,5987.33,19.27,1.87,1.49
NIFTY Smallcap 100,4/5/2020,3987.5,3992.65,3932.7,3946.35,-131.65,-3.23,133772469,1804.94,,1.33,1.79
Nifty50 Dividend Points,4/5/2020,-,-,-,0.99,0,-,-,-,-,-,-
Nifty Auto,4/5/2020,5647.85,5652.8,5436.05,5476.2,-425.2,-7.21,177071898,3342.24,17.93,2.39,2.02
Nifty Bank,4/5/2020,20514.75,20530.45,19643.6,19743.75,-1790.75,-8.32,328804506,7635.19,22.66,1.85,0.49
Nifty Energy,4/5/2020,12825.55,12919.65,12689.15,12726.65,-428.05,-3.25,134222641,4699.78,10.15,1.23,4.04
Nifty Financial Services,4/5/2020,10120.65,10128.2,9627.1,9679.95,-890.85,-8.43,236130769,10364.1,20.37,2.69,0.76
Nifty FMCG,4/5/2020,28197.45,28235.45,27544.75,27599,-1070.3,-3.73,74361350,4647.32,32.16,9.37,1.49
Nifty IT,4/5/2020,13646.1,13700.25,13424.35,13454.25,-654.1,-4.64,48661828,2947.71,16.95,4.35,2.35
Nifty Media,4/5/2020,1126.25,1130.5,1099.55,1108.55,-51.2,-4.41,25765811,467.95,153.66,1.4,1.85
Nifty Metal,4/5/2020,1769.25,1772.3,1704.55,1713.8,-146.1,-7.86,146066900,1531.84,8.28,0.72,7.33
Nifty MNC,4/5/2020,12195.8,12211.8,12001.05,12053.45,-471.45,-3.76,548610522,5269.8,,3.33,2.17
Nifty Pharma,4/5/2020,9181.6,9507.45,9140.15,9364.6,37.5,0.4,87107464,5241.59,28.92,3.58,0.58
Nifty PSU Bank,4/5/2020,1287.05,1287.05,1241.2,1246.2,-79.85,-6.02,129705635,1359.57,,0.43,0
Nifty Realty,4/5/2020,181.45,182.2,173.9,174.3,-13,-6.94,10167821,183.7,16.49,1.55,0.56
Nifty India Consumption,4/5/2020,4395.3,4400,4321.9,4332.05,-177,-3.93,166967512,9865.3,47.29,4.93,1.35
Nifty Commodities,4/5/2020,2587,2590.75,2530.25,2534.1,-145.85,-5.44,276465231,7165.56,11.4,1.15,4.1
Nifty Dividend Opportunities 50,4/5/2020,2080.05,2081.25,2033.5,2037.35,-107.9,-5.03,443083209,8162.24,11.77,1.79,4.88
Nifty Infrastructure,4/5/2020,2684.25,2697.65,2656.9,2666.6,-86.55,-3.14,247913716,9098.83,21.93,1.81,2.24
Nifty PSE,4/5/2020,2368.95,2372.3,2329.1,2335.15,-104.15,-4.27,316468368,1992.03,7.37,0.96,6.54
Nifty Services Sector,4/5/2020,12912.2,12915.35,12457.4,12512.4,-925.55,-6.89,425765784,16649.98,21.01,2.76,1.47
Nifty50 Shariah,4/5/2020,-,-,-,2256,-114.04,-4.81,163854192,8937.18,21.86,4,2.26
Nifty500 Shariah,4/5/2020,-,-,-,2653,-116.35,-4.2,529921511,16345.99,23,3.81,1.84
Nifty Low Volatility 50,4/5/2020,-,-,-,9500.9,-341.25,-3.47,222100314,17017.04,20.87,3.46,1.73
Nifty Alpha 50,4/5/2020,11325.45,11368.65,11200.25,11305,-417.2,-3.56,209922773,15050.15,28.71,5.39,0.58
Nifty High Beta 50,4/5/2020,-,-,-,807.04,-55.57,-6.44,1251809082,10346.73,,0.59,3.21
Nifty100 Equal Weight,4/5/2020,10540.15,10546.2,10352.05,10375.55,-514.75,-4.73,1424063547,37809.41,48922.22,1.84,2.41
Nifty100 Liquid 15,4/5/2020,2332.5,2336.35,2281.4,2294.75,-136.15,-5.6,393408095,10586.45,25.22,1.32,2.29
Nifty CPSE,4/5/2020,1377.15,1382.15,1357.6,1366.25,-55.4,-3.9,84205895,709.18,7.1,0.94,7.32
Nifty50 Value 20,4/5/2020,4665.3,4667,4548.65,4558.9,-244.65,-5.09,250286822,7449.03,13.16,2.38,3.66
Nifty Midcap Liquid 15,4/5/2020,3103.55,3109.6,3028.2,3043,-165.9,-5.17,133464544,1988.16,14.66,1.66,2
Nifty Shariah 25,4/5/2020,-,-,-,3870.22,-173.14,-4.28,177523728,8697.02,22.36,3.32,1.86
India VIX,4/5/2020,33.9875,43.92,33.9875,43.67,9.68,28.49,-,-,-,-,-
Nifty Growth Sectors 15,4/5/2020,4857.9,4863,4678.15,4693.6,-328.65,-6.54,152109985,10834.58,20.58,4.19,1.2
Nifty50 TR 1x Inverse,4/5/2020,404.1,414.65,404.1,413.6,22.6,5.78,-,-,-,-,-
Nifty50 TR 2x Leverage,4/5/2020,3862.15,3862.15,3638.9,3660.8,-476.5,-11.52,-,-,-,-,-
Nifty50 PR 1x Inverse,4/5/2020,462.05,474.1,462.05,472.95,25.85,5.78,-,-,-,-,-
Nifty50 PR 2x Leverage,4/5/2020,2949.85,2949.85,2779.3,2796.05,-363.9,-11.52,-,-,-,-,-
NIFTY100 Quality 30,4/5/2020,2281.05,2282.45,2223.3,2225.85,-124.3,-5.29,182268492,13647.38,23.27,5.46,2.14
Nifty 50 Futures TR Index,4/5/2020,-,-,-,9447.72,-548.69,-5.49,-,-,-,-,-
Nifty 50 Arbitrage,4/5/2020,-,-,-,1906.65,-2.33,-0.12,-,-,-,-,-
NIFTY50 Equal Weight,4/5/2020,9607.5,9607.7,9400.55,9431.7,-527.15,-5.29,687487134,29785.95,15.91,1.78,2.81
Nifty100 Low Volatility 30,4/5/2020,7751.8,7753.95,7613.15,7624.25,-350.3,-4.39,207054012,16620.11,19.8,3.67,1.86
NIFTY Alpha Low-Volatility 30,4/5/2020,-,-,-,10171,-543.41,-5.07,247428462,17101.17,23.69,4.36,1.37
NIFTY Quality Low-Volatility 30,4/5/2020,-,-,-,7331.3,-383.15,-4.97,146405388,11295.31,24.16,5.81,1.78
NIFTY Alpha Quality Low-Volatility 30,4/5/2020,-,-,-,8468.69,-440.84,-4.95,184937173,16258.75,26.28,6.2,1.44
NIFTY Alpha Quality Value Low-Volatility 30,4/5/2020,-,-,-,6461.14,-300.47,-4.44,219854794,13344.35,17.94,3.57,2.38
NIFTY200 Quality 30,4/5/2020,8721.2,8730.75,8533.75,8542.45,-438.65,-4.88,134924711,9529.64,23.85,5.91,2.19
NIFTY LargeMidcap 250,4/5/2020,-,-,-,4700.83,-233.16,-4.73,1953642013,44360.67,22.6,2.45,1.45
NIFTY SME EMERGE,4/5/2020,-,-,-,1102.56,-0.62,-0.06,-,-,10.89,1.02,0.48
Nifty Oil & Gas,4/5/2020,-,-,-,4268.75,-154.1,-3.48,115152706,4827.35,11.44,1.46,3.66
NIFTY100 ESG,4/5/2020,-,-,-,1808.77,-98.87,-5.18,1227879080,34337.55,25.29,2.98,1.36
NIFTY100 Enhanced ESG,4/5/2020,-,-,-,1817.95,-101.36,-5.28,1188461703,32675.08,25.23,2.98,1.39
NIFTY500 Value 50,4/5/2020,-,-,-,2500.79,-151.23,-5.7,439624309,3274.72,6.39,0.61,8.22
NIFTY100 Alpha 30,4/5/2020,-,-,-,6757.82,-283.61,-4.03,227020365,18872.16,56.61,5,0.78
Nifty 50 Futures Index,4/5/2020,-,-,-,3092.75,-181.5,-5.54,-,-,-,-,-
Nifty Consumer Durables,4/5/2020,-,-,-,12444.29,-873.42,-6.56,11512039,795.03,41.35,7.99,0.57
Nifty Midcap 150,4/5/2020,5015.05,5017.3,4928.3,4950.3,-199.3,-3.87,529578466,6551.26,21.62,2.24,1.28
Nifty MidSmallcap 400,4/5/2020,4485.2,4487.2,4409.4,4428.4,-168.3,-3.66,743424853,8863.76,26.52,1.86,1.42
Nifty Smallcap 50,4/5/2020,1882.55,1883.5,1859.9,1869.3,-55.35,-2.88,80406846,1183.59,14.55,1.19,1.63
Nifty Smallcap 250,4/5/2020,3544.85,3548.5,3487.5,3502,-113.75,-3.15,213846387,2312.51,59.56,1.31,1.77
Nifty Private Bank,4/5/2020,11179.2,11189,10675.15,10733.65,-1009.8,-8.6,228635342,6456.15,21.34,2.14,0.61
Nifty Tata Group 25% Cap,4/5/2020,-,-,-,3586.75,-252.93,-6.59,136207268,2547.49,17.49,1.98,1.25
Nifty Tata Group,4/5/2020,-,-,-,5802.4,-301.84,-4.94,143698942,2627.48,21.37,4.39,1.33
Nifty Mahindra Group,4/5/2020,-,-,-,6299.91,-318.34,-4.81,34958569,1203.86,10.38,1.57,2.77
Nifty Aditya Birla Group,4/5/2020,-,-,-,2015.6,-129.67,-6.04,475653692,813.9,,1,0.52
Nifty 8-13 yr G-Sec,4/5/2020,2137.68,2144.61,2135.91,2142.62,5.32,0.25,-,-,-,-,-
Nifty 4-8 yr G-Sec Index,4/5/2020,2279.72,2285.66,2279.26,2283.93,4.61,0.2,-,-,-,-,-
Nifty 11-15 yr G-Sec Index,4/5/2020,2296.65,2303.31,2294.96,2301.39,5.16,0.22,-,-,-,-,-
Nifty 15 yr and above G-Sec Index,4/5/2020,2504.18,2509.61,2504.18,2509.61,5.88,0.23,-,-,-,-,-
Nifty Composite G-sec Index,4/5/2020,2182.61,2187.93,2181.37,2186.11,3.89,0.18,-,-,-,-,-
Nifty 10 yr Benchmark G-Sec,4/5/2020,1968.45,1974.91,1964.62,1971.99,3.88,0.2,-,-,-,-,-
Nifty 10 yr Benchmark G-Sec (Clean Price),4/5/2020,973.78,976.99,971.88,975.54,1.76,0.18,-,-,-,-,-
Nifty 1D Rate Index,4/5/2020,-,-,-,1886.23,0.71,0.04,-,-,-,-,-
Nifty50 USD,4/5/2020,-,-,-,4252.88,-296.63,-6.52,-,-,-,-,-
Nifty 50,5/5/2020,9429.4,9450.9,9190.75,9205.6,-87.9,-0.95,725196178,29700.2,21.19,2.62,1.65
Nifty Next 50,5/5/2020,23435.7,23556.3,22740.9,22791.5,-317.45,-1.37,491226293,7592.03,61.7,3.01,1.45
Nifty 100,5/5/2020,9591.7,9615.8,9344.55,9358.9,-95.15,-1.01,1220003370,37305.02,23.35,2.67,1.62
Nifty 200,5/5/2020,4880.05,4893.6,4756.15,4763.15,-46.9,-0.98,1665071189,43000.21,22.82,2.55,1.61
Nifty 500,5/5/2020,7704.5,7727.75,7513.25,7523.05,-73.85,-0.97,1839701448,45876.31,23.83,2.47,1.59
Nifty Midcap 50,5/5/2020,3608.4,3626.3,3511.2,3518.8,-29.85,-0.84,406246552,4907.35,17.81,1.54,1.83
NIFTY Midcap 100,5/5/2020,13095.2,13162.6,12797.25,12817.4,-91,-0.7,445067819,5695.19,19.14,1.85,1.5
NIFTY Smallcap 100,5/5/2020,3990.55,4018.9,3895.5,3896.75,-49.6,-1.26,118587373,1754.22,,1.31,1.81
Nifty50 Dividend Points,5/5/2020,-,-,-,1.83,0,-,-,-,-,-,-
Nifty Auto,5/5/2020,5582.15,5602.1,5442.75,5451.9,-24.3,-0.44,161356727,3311.1,17.85,2.38,2.03
Nifty Bank,5/5/2020,20147.3,20223.15,19212.35,19271.75,-472,-2.39,381269938,9095.4,22.12,1.8,0.5
Nifty Energy,5/5/2020,12917.25,13119.1,12857.3,12897.9,171.25,1.35,165419674,4710.95,10.29,1.24,3.98
Nifty Financial Services,5/5/2020,9856,9912.35,9460,9483.15,-196.8,-2.03,302022710,13004.83,19.96,2.64,0.77
Nifty FMCG,5/5/2020,27815.7,28011.75,27065.85,27138.6,-460.4,-1.67,65780211,3698.67,31.79,9.22,1.52
Nifty IT,5/5/2020,13637.8,13667.85,13351.45,13388,-66.25,-0.49,35386135,2105.7,16.87,4.32,2.36
Nifty Media,5/5/2020,1125.55,1134.5,1095.45,1097.25,-11.3,-1.02,32329585,669.21,152.09,1.39,1.87
Nifty Metal,5/5/2020,1748.8,1755.5,1685.45,1693.65,-20.15,-1.18,145812363,1549.36,8.18,0.72,7.42
Nifty MNC,5/5/2020,12193.6,12229.05,11813.85,11845.15,-208.3,-1.73,286256770,4088.07,,3.28,2.21
Nifty Pharma,5/5/2020,9493.7,9503.75,9157.35,9181.5,-183.1,-1.96,52022881,3028.66,28.36,3.51,0.59
Nifty PSU Bank,5/5/2020,1262.5,1265.7,1203.45,1205.35,-40.85,-3.28,161093513,1888.79,,0.41,0
Nifty Realty,5/5/2020,177.1,177.25,169,169.3,-5,-2.87,11854952,192.71,16.02,1.51,0.58
Nifty India Consumption,5/5/2020,4381.7,4391.75,4265.75,4272.25,-59.8,-1.38,176664644,9828.85,46.83,4.86,1.36
Nifty Commodities,5/5/2020,2574.5,2597.4,2528.05,2535.85,1.75,0.07,315653426,7529.17,11.41,1.15,4.1
Nifty Dividend Opportunities 50,5/5/2020,2062.5,2074.75,2026.3,2029.1,-8.25,-0.4,410576481,6885.77,11.73,1.79,4.9
Nifty Infrastructure,5/5/2020,2700.9,2730.75,2665.95,2670.3,3.7,0.14,299321905,9293.52,21.96,1.81,2.24
Nifty PSE,5/5/2020,2370.65,2404.15,2331.55,2338.85,3.7,0.16,304840115,2471.52,7.38,0.96,6.53
Nifty Services Sector,5/5/2020,12718.6,12756.45,12321.15,12346.9,-165.5,-1.32,480380586,18416.05,20.73,2.73,1.49
Nifty50 Shariah,5/5/2020,-,-,-,2238.19,-17.81,-0.79,170325572,7427.76,21.69,3.97,2.28
Nifty500 Shariah,5/5/2020,-,-,-,2627.12,-25.87,-0.98,459960737,13720.46,22.8,3.77,1.86
Nifty Low Volatility 50,5/5/2020,-,-,-,9429.47,-71.43,-0.75,204664629,15269.57,20.77,3.43,1.75
Nifty Alpha 50,5/5/2020,11472.75,11506.55,11218.8,11234.65,-70.35,-0.62,223350804,15410.77,28.37,5.35,0.58
Nifty High Beta 50,5/5/2020,-,-,-,795,-12.04,-1.49,982309041,11992.46,,0.58,3.26
Nifty100 Equal Weight,5/5/2020,10532.3,10565.9,10245.35,10264.55,-111,-1.07,1220003370,37305.02,,1.82,2.43
Nifty100 Liquid 15,5/5/2020,2338.6,2341.25,2244.75,2250.3,-44.45,-1.94,428942964,11784.42,24.73,1.29,2.34
Nifty CPSE,5/5/2020,1389.05,1411.95,1367.95,1371.75,5.5,0.4,120402807,1082.5,7.13,0.95,7.29
Nifty50 Value 20,5/5/2020,4616.1,4632.75,4538.85,4545.4,-13.5,-0.3,263824947,6068.99,13.12,2.37,3.67
Nifty Midcap Liquid 15,5/5/2020,3096,3110.2,2988.25,2997,-46,-1.51,109137529,1681.33,14.44,1.64,2.03
Nifty Shariah 25,5/5/2020,-,-,-,3815.17,-55.05,-1.42,197219907,7792.78,22.1,3.27,1.89
India VIX,5/5/2020,43.67,43.865,38.1475,43.61,-0.06,-0.14,-,-,-,-,-
Nifty Growth Sectors 15,5/5/2020,4758,4779.4,4606.8,4612.65,-80.95,-1.72,157879596,10481.45,20.22,4.11,1.22
Nifty50 TR 1x Inverse,5/5/2020,407.55,418.15,406.65,417.5,3.9,0.94,-,-,-,-,-
Nifty50 TR 2x Leverage,5/5/2020,3768.15,3784.4,3580.4,3591.85,-68.95,-1.88,-,-,-,-,-
Nifty50 PR 1x Inverse,5/5/2020,466.05,478.2,465,477.45,4.5,0.95,-,-,-,-,-
Nifty50 PR 2x Leverage,5/5/2020,2877.55,2889.95,2734.15,2742.85,-53.2,-1.9,-,-,-,-,-
NIFTY100 Quality 30,5/5/2020,2254.3,2261.15,2192.5,2195.2,-30.65,-1.38,170544143,12797.43,23.03,5.39,2.17
Nifty 50 Futures TR Index,5/5/2020,-,-,-,9370.36,-77.36,-0.82,-,-,-,-,-
Nifty 50 Arbitrage,5/5/2020,-,-,-,1905.43,-1.23,-0.06,-,-,-,-,-
NIFTY50 Equal Weight,5/5/2020,9577.15,9594.45,9314.15,9336.15,-95.55,-1.01,725196178,29700.2,15.75,1.76,2.84
Nifty100 Low Volatility 30,5/5/2020,7717.95,7740.35,7542.9,7553.3,-70.95,-0.93,192652128,15131.55,19.68,3.63,1.87
NIFTY Alpha Low-Volatility 30,5/5/2020,-,-,-,10050.66,-120.34,-1.18,254092559,16783.73,23.48,4.31,1.39
NIFTY Quality Low-Volatility 30,5/5/2020,-,-,-,7234.73,-96.57,-1.32,135227012,10595.08,23.95,5.73,1.81
NIFTY Alpha Quality Low-Volatility 30,5/5/2020,-,-,-,8349.24,-119.45,-1.41,171275758,15749.12,26,6.11,1.46
NIFTY Alpha Quality Value Low-Volatility 30,5/5/2020,-,-,-,6399.78,-61.36,-0.95,228148741,11945.94,17.83,3.53,2.41
NIFTY200 Quality 30,5/5/2020,8643.95,8669.7,8429,8439.55,-102.9,-1.2,124717218,8197.12,23.65,5.84,2.21
NIFTY LargeMidcap 250,5/5/2020,-,-,-,4661.67,-39.16,-0.83,1675896435,43689.63,22.41,2.43,1.46
NIFTY SME EMERGE,5/5/2020,-,-,-,1095.8,-6.76,-0.61,-,-,10.82,1.01,0.48
Nifty Oil & Gas,5/5/2020,-,-,-,4286.5,17.75,0.42,143236837,4671.87,11.49,1.47,3.65
NIFTY100 ESG,5/5/2020,-,-,-,1792.76,-16.01,-0.89,1015781647,34132.22,25.08,2.95,1.38
NIFTY100 Enhanced ESG,5/5/2020,-,-,-,1802.31,-15.65,-0.86,987182456,33084.4,25.03,2.95,1.41
NIFTY500 Value 50,5/5/2020,-,-,-,2491.26,-9.52,-0.38,434097234,3892.55,6.37,0.61,8.25
NIFTY100 Alpha 30,5/5/2020,-,-,-,6703.5,-54.32,-0.8,259075013,20034.85,56.16,4.96,0.79
Nifty 50 Futures Index,5/5/2020,-,-,-,3067,-25.75,-0.83,-,-,-,-,-
Nifty Consumer Durables,5/5/2020,-,-,-,12265.82,-178.48,-1.43,13971351,946.16,40.76,7.88,0.58
Nifty Midcap 150,5/5/2020,5016.75,5042.5,4912.15,4918.05,-32.25,-0.65,455893065,6384.6,21.47,2.23,1.29
Nifty MidSmallcap 400,5/5/2020,4483.25,4507.25,4387.85,4392.1,-36.3,-0.82,619698078,8571.28,26.29,1.85,1.43
Nifty Smallcap 50,5/5/2020,1888.05,1901.95,1835.3,1838.3,-31,-1.66,72706747,1211.24,14.31,1.17,1.66
Nifty Smallcap 250,5/5/2020,3536.55,3558.85,3457.2,3459.05,-42.95,-1.23,163805013,2186.68,58.82,1.3,1.79
Nifty Private Bank,5/5/2020,10964.65,11018.05,10492.85,10526.95,-206.7,-1.93,246137257,7346.27,20.93,2.09,0.62
Nifty Tata Group 25% Cap,5/5/2020,-,-,-,3554.65,-32.1,-0.9,103452463,2260.05,17.33,1.96,1.26
Nifty Tata Group,5/5/2020,-,-,-,5790.82,-11.57,-0.2,110089976,2326.88,21.33,4.38,1.33
Nifty Mahindra Group,5/5/2020,-,-,-,6369.82,69.9,1.11,32272807,1007.83,10.49,1.59,2.74
Nifty Aditya Birla Group,5/5/2020,-,-,-,1985.08,-30.52,-1.51,209743826,539.84,,0.98,0.53
Nifty 8-13 yr G-Sec,5/5/2020,2143.01,2149.27,2143.01,2148.98,6.36,0.3,-,-,-,-,-
Nifty 4-8 yr G-Sec Index,5/5/2020,2284.33,2292.72,2284.33,2292.72,8.79,0.38,-,-,-,-,-
Nifty 11-15 yr G-Sec Index,5/5/2020,2301.81,2315.13,2301.81,2314.68,13.29,0.58,-,-,-,-,-
Nifty 15 yr and above G-Sec Index,5/5/2020,2510.07,2514.57,2508.95,2514.57,4.96,0.2,-,-,-,-,-
Nifty Composite G-sec Index,5/5/2020,2186.5,2193.25,2186.5,2193.05,6.94,0.32,-,-,-,-,-
Nifty 10 yr Benchmark G-Sec,5/5/2020,1972.33,1975.35,1969.18,1973.96,1.97,0.1,-,-,-,-,-
Nifty 10 yr Benchmark G-Sec (Clean Price),5/5/2020,975.54,977.03,973.97,976.35,0.81,0.08,-,-,-,-,-
Nifty 1D Rate Index,5/5/2020,-,-,-,1886.4,0.17,0.01,-,-,-,-,-
Nifty50 USD,5/5/2020,-,-,-,4217.35,-35.53,-0.84,-,-,-,-,-
Nifty 50,6/5/2020,9226.8,9346.9,9116.5,9270.9,65.3,0.71,722185448,30798.1,21.34,2.64,1.64
Nifty Next 50,6/5/2020,22823.95,23099.8,22527.25,23009.8,218.3,0.96,730068467,7436.31,62.12,3.04,1.44
Nifty 100,6/5/2020,9379.35,9489.25,9266.1,9428.55,69.65,0.74,1455393069,38245.56,23.53,2.69,1.61
Nifty 200,6/5/2020,4774.7,4827.6,4715.75,4798.1,34.95,0.73,1895615128,44778.83,22.99,2.57,1.6
Nifty 500,6/5/2020,7544.15,7620.8,7451.2,7575.5,52.45,0.7,2096198864,48092.24,24,2.48,1.58
Nifty Midcap 50,6/5/2020,3531.45,3581.95,3470.6,3567.65,48.85,1.39,404777634,5758.76,18.05,1.56,1.81
NIFTY Midcap 100,6/5/2020,12874.85,12976.4,12684.25,12899.65,82.25,0.64,440222059,6533.27,19.24,1.86,1.49
NIFTY Smallcap 100,6/5/2020,3918.9,3935.55,3866.1,3922.95,26.2,0.67,140023479,2313.98,,1.32,1.8
Nifty50 Dividend Points,6/5/2020,-,-,-,1.83,0,-,-,-,-,-,-
Nifty Auto,6/5/2020,5471.6,5593.3,5351.2,5552.4,100.5,1.84,142224254,3461.77,18.18,2.43,1.99
Nifty Bank,6/5/2020,19302.45,19806.6,18941,19694.55,422.8,2.19,395557269,9797.35,22.6,1.84,0.49
Nifty Energy,6/5/2020,12816.95,12966.4,12697.6,12912.4,14.5,0.11,189024150,4763.98,10.3,1.24,3.98
Nifty Financial Services,6/5/2020,9524.4,9806.95,9385.85,9727,243.85,2.57,325607262,14594.25,20.47,2.71,0.75
Nifty FMCG,6/5/2020,27061.5,27062.1,26373.95,26630.2,-508.4,-1.87,101493046,4183.35,31.19,9.04,1.54
Nifty IT,6/5/2020,13437.3,13580.05,13262.25,13394.7,6.7,0.05,39758016,2869.83,16.82,4.33,2.36
Nifty Media,6/5/2020,1109,1110.55,1082.85,1097.5,0.25,0.02,24694517,507.72,152.13,1.39,1.87
Nifty Metal,6/5/2020,1707.8,1719.8,1681,1697.95,4.3,0.25,113508461,1212.35,8.2,0.72,7.4
Nifty MNC,6/5/2020,11880.85,12005.75,11732.2,11851.8,6.65,0.06,517618681,4467.39,,3.27,2.21
Nifty Pharma,6/5/2020,9229.85,9289.9,9128.05,9227.15,45.65,0.5,50166933,3106.34,28.5,3.53,0.59
Nifty PSU Bank,6/5/2020,1210.45,1213.25,1174.75,1194.75,-10.6,-0.88,147534969,1551.34,,0.41,0
Nifty Realty,6/5/2020,169.7,171.8,168.6,171,1.7,1,12089690,210.15,16.18,1.52,0.57
Nifty India Consumption,6/5/2020,4273.95,4281.65,4194.75,4263.1,-9.15,-0.21,210962271,9961.87,46.73,4.85,1.37
Nifty Commodities,6/5/2020,2537.3,2558.65,2503.95,2545.1,9.25,0.36,305252102,7008.7,11.45,1.15,4.08
Nifty Dividend Opportunities 50,6/5/2020,2026.7,2030.45,1989.25,2013.65,-15.45,-0.76,408988949,8299.5,11.64,1.77,4.94
Nifty Infrastructure,6/5/2020,2670.05,2701.9,2651.8,2689.85,19.55,0.73,305856711,9102.81,22.15,1.83,2.22
Nifty PSE,6/5/2020,2324.05,2345.25,2284.35,2339.85,1,0.04,251768657,2560.33,7.38,0.96,6.52
Nifty Services Sector,6/5/2020,12392.2,12664.35,12248.45,12565.75,218.85,1.77,495804215,19870.81,21.1,2.78,1.46
Nifty50 Shariah,6/5/2020,-,-,-,2224.86,-13.34,-0.6,145992718,7220.97,21.56,3.94,2.29
Nifty500 Shariah,6/5/2020,-,-,-,2623.57,-3.55,-0.14,394289799,14182.49,22.77,3.77,1.86
Nifty Low Volatility 50,6/5/2020,-,-,-,9486.03,56.56,0.6,237501727,16205.91,20.84,3.45,1.74
Nifty Alpha 50,6/5/2020,11283.65,11419.15,11158.6,11354.25,119.6,1.06,251743469,16786.17,28.55,5.41,0.58
Nifty High Beta 50,6/5/2020,-,-,-,800.82,5.82,0.73,1215799983,12920.67,,0.58,3.23
Nifty100 Equal Weight,6/5/2020,10280.5,10378.15,10141.6,10346.85,82.3,0.8,1455393069,38245.56,,1.84,2.41
Nifty100 Liquid 15,6/5/2020,2257.85,2294.05,2221.1,2285.1,34.8,1.55,403702080,12292.7,25.18,1.31,2.3
Nifty CPSE,6/5/2020,1388.15,1388.15,1362.75,1373.65,1.9,0.14,90413626,798.59,7.14,0.95,7.28
Nifty50 Value 20,6/5/2020,4541.9,4547.6,4461.5,4496.85,-48.55,-1.07,282670787,7017.19,12.98,2.35,3.71
Nifty Midcap Liquid 15,6/5/2020,2999.95,3066.05,2947.2,3054.05,57.05,1.9,108523379,2202.45,14.72,1.67,1.99
Nifty Shariah 25,6/5/2020,-,-,-,3824.76,9.59,0.25,161583945,7056.07,22.16,3.28,1.88
India VIX,6/5/2020,43.6075,43.63,40.1975,41.25,-2.36,-5.41,-,-,-,-,-
Nifty Growth Sectors 15,6/5/2020,4619.05,4677.05,4535.15,4632,19.35,0.42,215460776,12330.45,20.31,4.13,1.22
Nifty50 TR 1x Inverse,6/5/2020,416.6,421.55,411.15,414.55,-2.95,-0.71,-,-,-,-,-
Nifty50 TR 2x Leverage,6/5/2020,3608.05,3701.5,3522.65,3642.5,50.65,1.41,-,-,-,-,-
Nifty50 PR 1x Inverse,6/5/2020,476.4,482.05,470.2,474.1,-3.35,-0.7,-,-,-,-,-
Nifty50 PR 2x Leverage,6/5/2020,2755.25,2826.6,2690.05,2781.55,38.7,1.41,-,-,-,-,-
NIFTY100 Quality 30,6/5/2020,2198.25,2213.2,2161.45,2196.85,1.65,0.08,213573309,14478.62,23.04,5.39,2.16
Nifty 50 Futures TR Index,6/5/2020,-,-,-,9444.99,74.63,0.8,-,-,-,-,-
Nifty 50 Arbitrage,6/5/2020,-,-,-,1904.6,-0.83,-0.04,-,-,-,-,-
NIFTY50 Equal Weight,6/5/2020,9351.95,9438.6,9226.3,9394.6,58.45,0.63,722185448,30798.1,15.86,1.77,2.83
Nifty100 Low Volatility 30,6/5/2020,7568.45,7643.3,7473.4,7588.1,34.8,0.46,220365959,15811.19,19.77,3.65,1.86
NIFTY Alpha Low-Volatility 30,6/5/2020,-,-,-,10105.74,55.09,0.55,310921752,18089.88,23.61,4.33,1.38
NIFTY Quality Low-Volatility 30,6/5/2020,-,-,-,7245.71,10.98,0.15,173752165,11733.99,23.98,5.74,1.81
NIFTY Alpha Quality Low-Volatility 30,6/5/2020,-,-,-,8380.94,31.71,0.38,214586545,16882.23,26.1,6.13,1.45
NIFTY Alpha Quality Value Low-Volatility 30,6/5/2020,-,-,-,6434.15,34.37,0.54,246734551,12605.9,17.92,3.55,2.39
NIFTY200 Quality 30,6/5/2020,8451.3,8494.65,8304.75,8416.25,-23.3,-0.28,165621032,9324.47,23.58,5.82,2.22
NIFTY LargeMidcap 250,6/5/2020,-,-,-,4691.39,29.73,0.64,1907173865,45316.38,22.55,2.45,1.45
NIFTY SME EMERGE,6/5/2020,-,-,-,1094.39,-1.41,-0.13,-,-,10.81,1.01,0.48
Nifty Oil & Gas,6/5/2020,-,-,-,4280.18,-6.32,-0.15,150849134,4838.27,11.47,1.46,3.65
NIFTY100 ESG,6/5/2020,-,-,-,1807.73,14.97,0.84,1227775496,34390.74,25.29,2.98,1.37
NIFTY100 Enhanced ESG,6/5/2020,-,-,-,1817.46,15.16,0.84,1202551009,33487.73,25.24,2.97,1.39
NIFTY500 Value 50,6/5/2020,-,-,-,2485.83,-5.43,-0.22,381107406,3690.15,6.35,0.6,8.27
NIFTY100 Alpha 30,6/5/2020,-,-,-,6744.28,40.78,0.61,282171840,20941.72,56.44,4.99,0.79
Nifty 50 Futures Index,6/5/2020,-,-,-,3091.01,24.01,0.78,-,-,-,-,-
Nifty Consumer Durables,6/5/2020,-,-,-,12268.14,2.33,0.02,17254096,1010.6,40.76,7.88,0.58
Nifty Midcap 150,6/5/2020,4943.7,4974.35,4874.95,4943.65,25.6,0.52,451780796,7070.82,21.56,2.24,1.28
Nifty MidSmallcap 400,6/5/2020,4416.7,4437.7,4357.2,4413.35,21.25,0.48,640805795,9846.68,26.4,1.85,1.43
Nifty Smallcap 50,6/5/2020,1851.9,1859.95,1826.2,1850.7,12.4,0.67,85430170,1708.11,14.36,1.18,1.65
Nifty Smallcap 250,6/5/2020,3481.55,3489.4,3437.05,3472.65,13.6,0.39,189024999,2775.86,58.93,1.3,1.78
Nifty Private Bank,6/5/2020,10538.65,10851.65,10342.1,10787.1,260.15,2.47,272467522,8375.79,21.45,2.15,0.61
Nifty Tata Group 25% Cap,6/5/2020,-,-,-,3549.93,-4.71,-0.13,114806191,2306.56,17.31,1.96,1.27
Nifty Tata Group,6/5/2020,-,-,-,5727.73,-63.09,-1.09,121379904,2369.63,21.1,4.33,1.35
Nifty Mahindra Group,6/5/2020,-,-,-,6587.75,217.94,3.42,26061304,712.31,10.85,1.65,2.65
Nifty Aditya Birla Group,6/5/2020,-,-,-,2017.93,32.85,1.66,460458374,661.36,,1,0.52
Nifty 8-13 yr G-Sec,6/5/2020,2149.36,2157.6,2149.36,2157.59,8.61,0.4,-,-,-,-,-
Nifty 4-8 yr G-Sec Index,6/5/2020,2293.12,2301.08,2293.12,2300.81,8.09,0.35,-,-,-,-,-
Nifty 11-15 yr G-Sec Index,6/5/2020,2315.1,2326.67,2315.1,2326.14,11.46,0.5,-,-,-,-,-
Nifty 15 yr and above G-Sec Index,6/5/2020,2515.03,2519.73,2514.39,2519.44,4.87,0.19,-,-,-,-,-
Nifty Composite G-sec Index,6/5/2020,2193.44,2201.42,2193.44,2200.99,7.94,0.36,-,-,-,-,-
Nifty 10 yr Benchmark G-Sec,6/5/2020,1974.3,1980.61,1974.3,1980.44,6.48,0.33,-,-,-,-,-
Nifty 10 yr Benchmark G-Sec (Clean Price),6/5/2020,976.34,979.48,976.34,979.4,3.05,0.31,-,-,-,-,-
Nifty 1D Rate Index,6/5/2020,-,-,-,1886.57,0.17,0.01,-,-,-,-,-
Nifty50 USD,6/5/2020,-,-,-,4240.06,22.71,0.54,-,-,-,-,-
Nifty 50,7/5/2020,9234.05,9277.85,9175.9,9199.05,-71.85,-0.78,708740416,59705.53,21.18,2.62,1.65
Nifty Next 50,7/5/2020,22974.15,23125.45,22716.35,22759.85,-249.95,-1.09,366604863,5506.12,61.45,3.01,1.45
Nifty 100,7/5/2020,9394.25,9437.8,9335.5,9351.45,-77.1,-0.82,1076714362,65216.51,23.33,2.66,1.63
Nifty 200,7/5/2020,4781.45,4806.45,4752.9,4760.3,-37.8,-0.79,1458216292,70774.95,22.81,2.55,1.61
Nifty 500,7/5/2020,7551.6,7592.45,7509.8,7520.85,-54.65,-0.72,1629284382,73458.4,23.82,2.47,1.59
Nifty Midcap 50,7/5/2020,3558.7,3614.4,3536.9,3542.5,-25.15,-0.7,340173644,4905.37,17.93,1.55,1.82
NIFTY Midcap 100,7/5/2020,12874.25,13022.25,12817.45,12831,-68.65,-0.53,381501930,5558.44,19.13,1.85,1.5
NIFTY Smallcap 100,7/5/2020,3930.5,3965.9,3924.3,3944.05,21.1,0.54,107843977,1843.96,,1.33,1.79
Nifty50 Dividend Points,7/5/2020,-,-,-,1.83,0,-,-,-,-,-,-
Nifty Auto,7/5/2020,5549.95,5616.4,5505.45,5519,-33.4,-0.6,101010878,2642.7,18.07,2.41,2
Nifty Bank,7/5/2020,19536.05,19757.25,19332.15,19491.8,-202.75,-1.03,300140979,7706.31,22.37,1.82,0.5
Nifty Energy,7/5/2020,12852.7,12867.95,12748,12829.4,-83,-0.64,113190841,4412.49,10.23,1.24,4
Nifty Financial Services,7/5/2020,9668.7,9737.85,9557.8,9575.75,-151.25,-1.55,206619838,9049.27,20.15,2.66,0.77
Nifty FMCG,7/5/2020,26402.25,26445.1,25984,26254.55,-375.65,-1.41,236904193,38001.24,30.75,8.92,1.57
Nifty IT,7/5/2020,13408,13489.55,13268.4,13292.7,-102,-0.76,48556960,2891.06,16.69,4.29,2.37
Nifty Media,7/5/2020,1092.2,1112.5,1088.2,1097.9,0.4,0.04,17873601,493.36,152.18,1.39,1.87
Nifty Metal,7/5/2020,1676.35,1717.65,1672.05,1695.55,-2.4,-0.14,102660412,1177.12,8.19,0.72,7.41
Nifty MNC,7/5/2020,11823,11844.65,11711.6,11730.35,-121.45,-1.02,409312561,38389.05,,3.24,2.24
Nifty Pharma,7/5/2020,9283.2,9373.55,9128.95,9148.1,-79.05,-0.86,42005200,2511.44,28.25,3.5,0.59
Nifty PSU Bank,7/5/2020,1190.2,1215.5,1181.25,1195.4,0.65,0.05,93112395,925.76,,0.41,0
Nifty Realty,7/5/2020,171.2,173.55,170.15,170.65,-0.35,-0.2,9836484,159.58,16.15,1.52,0.57
Nifty India Consumption,7/5/2020,4249.55,4255.35,4178.6,4191.85,-71.25,-1.67,314221287,42659.63,45.95,4.77,1.39
Nifty Commodities,7/5/2020,2530.55,2548.75,2509.3,2513.85,-31.25,-1.23,214495224,6470.17,11.31,1.14,4.13
Nifty Dividend Opportunities 50,7/5/2020,2001,2012.1,1986.35,1989.25,-24.4,-1.21,468990469,40557.8,11.49,1.75,5
Nifty Infrastructure,7/5/2020,2680,2686.65,2663.4,2677.4,-12.45,-0.46,201811172,7471.56,22.05,1.82,2.23
Nifty PSE,7/5/2020,2321.85,2327.6,2275.95,2279.55,-60.3,-2.58,180193648,1507.64,7.19,0.94,6.7
Nifty Services Sector,7/5/2020,12517.7,12597.15,12374.45,12397.45,-168.3,-1.34,390355469,14839.43,20.82,2.74,1.48
Nifty50 Shariah,7/5/2020,-,-,-,2203.08,-21.77,-0.98,303723085,41796.94,21.35,3.91,2.32
Nifty500 Shariah,7/5/2020,-,-,-,2598.98,-24.59,-0.94,520225084,47313.68,22.56,3.73,1.88
Nifty Low Volatility 50,7/5/2020,-,-,-,9415.19,-70.84,-0.75,374410302,49460.28,20.68,3.42,1.75
Nifty Alpha 50,7/5/2020,11308.75,11423.2,11295.35,11314.6,-39.65,-0.35,380292726,48734.64,28.45,5.39,0.58
Nifty High Beta 50,7/5/2020,-,-,-,800.23,-0.59,-0.07,742178382,9405.56,,0.58,3.23
Nifty100 Equal Weight,7/5/2020,10323.75,10398.65,10237.55,10251.15,-95.7,-0.92,1076714362,65216.51,,1.82,2.44
Nifty100 Liquid 15,7/5/2020,2284.15,2306.75,2261.65,2267.65,-17.45,-0.76,277350847,8759.82,24.99,1.3,2.32
Nifty CPSE,7/5/2020,1357.75,1362.2,1330.75,1333.55,-40.1,-2.92,60661583,549.63,6.93,0.92,7.5
Nifty50 Value 20,7/5/2020,4473.35,4497.1,4431.7,4438.3,-58.55,-1.3,376727708,40457.75,12.81,2.32,3.76
Nifty Midcap Liquid 15,7/5/2020,3040.55,3093.45,3020.65,3026.15,-27.9,-0.91,84801229,1620.38,14.58,1.65,2.01
Nifty Shariah 25,7/5/2020,-,-,-,3757.35,-67.41,-1.76,294300894,40939.71,21.77,3.22,1.92
India VIX,7/5/2020,41.2475,41.715,39.6575,39.93,-1.32,-3.19,-,-,-,-,-
Nifty Growth Sectors 15,7/5/2020,4604.35,4618.2,4541,4549.15,-82.85,-1.79,343534424,43777.82,19.94,4.06,1.24
Nifty50 TR 1x Inverse,7/5/2020,416.25,418.7,414.3,417.8,3.25,0.78,-,-,-,-,-
Nifty50 TR 2x Leverage,7/5/2020,3613.2,3647.2,3569.9,3585.7,-56.8,-1.56,-,-,-,-,-
Nifty50 PR 1x Inverse,7/5/2020,476.05,478.85,473.8,477.8,3.7,0.78,-,-,-,-,-
Nifty50 PR 2x Leverage,7/5/2020,2759.2,2785.15,2726.1,2738.2,-43.35,-1.56,-,-,-,-,-
NIFTY100 Quality 30,7/5/2020,2189.65,2191.55,2161.15,2164,-32.85,-1.5,359622617,47300.41,22.7,5.31,2.2
Nifty 50 Futures TR Index,7/5/2020,-,-,-,9368.46,-76.53,-0.81,-,-,-,-,-
Nifty 50 Arbitrage,7/5/2020,-,-,-,1905.28,0.69,0.04,-,-,-,-,-
NIFTY50 Equal Weight,7/5/2020,9368.9,9423.35,9295.4,9309.6,-85,-0.9,708740416,59705.53,15.72,1.75,2.85
Nifty100 Low Volatility 30,7/5/2020,7560.2,7561.1,7463.55,7474.9,-113.2,-1.49,362267662,49233.38,19.47,3.59,1.89
NIFTY Alpha Low-Volatility 30,7/5/2020,-,-,-,9939.68,-166.06,-1.64,409511806,50491.7,23.23,4.26,1.4
NIFTY Quality Low-Volatility 30,7/5/2020,-,-,-,7117.67,-128.04,-1.77,312255285,44425.67,23.56,5.64,1.84
NIFTY Alpha Quality Low-Volatility 30,7/5/2020,-,-,-,8241.53,-139.42,-1.66,355759858,49804.84,25.67,6.03,1.48
NIFTY Alpha Quality Value Low-Volatility 30,7/5/2020,-,-,-,6330.46,-103.68,-1.61,368783026,46740.48,17.63,3.49,2.43
NIFTY200 Quality 30,7/5/2020,8391.7,8407.15,8276,8287.95,-128.3,-1.52,311689780,43300.12,23.22,5.73,2.25
NIFTY LargeMidcap 250,7/5/2020,-,-,-,4660.76,-30.64,-0.65,1468490994,71133.62,22.4,2.43,1.46
NIFTY SME EMERGE,7/5/2020,-,-,-,1094.98,0.59,0.05,-,-,10.81,1.01,0.48
Nifty Oil & Gas,7/5/2020,-,-,-,4276.78,-3.4,-0.08,96886099,4481.75,11.46,1.46,3.66
NIFTY100 ESG,7/5/2020,-,-,-,1797.79,-9.95,-0.55,943138344,62800.66,25.15,2.96,1.37
NIFTY100 Enhanced ESG,7/5/2020,-,-,-,1807.49,-9.98,-0.55,919277483,61878.94,25.1,2.96,1.4
NIFTY500 Value 50,7/5/2020,-,-,-,2467.14,-18.69,-0.75,286796694,2691.07,6.31,0.6,8.33
NIFTY100 Alpha 30,7/5/2020,-,-,-,6651.27,-93.01,-1.38,384954280,51401.36,55.66,4.92,0.8
Nifty 50 Futures Index,7/5/2020,-,-,-,3065.55,-25.46,-0.82,-,-,-,-,-
Nifty Consumer Durables,7/5/2020,-,-,-,11979.9,-288.25,-2.35,17315794,1022.25,39.81,7.69,0.6
Nifty Midcap 150,7/5/2020,4934.5,4985.95,4914.8,4919.85,-23.8,-0.48,391776632,5917.1,21.46,2.23,1.29
Nifty MidSmallcap 400,7/5/2020,4409.05,4450.15,4397.25,4400.8,-12.55,-0.28,552570020,8241.89,26.29,1.85,1.43
Nifty Smallcap 50,7/5/2020,1848.45,1871.6,1846.1,1860.95,10.25,0.55,67289503,1274.91,14.35,1.18,1.64
Nifty Smallcap 250,7/5/2020,3476.7,3503.2,3472.45,3479.5,6.85,0.2,160793388,2324.79,58.51,1.31,1.78
Nifty Private Bank,7/5/2020,10690.4,10832.25,10587.95,10692.6,-94.5,-0.88,226592190,6877.79,21.26,2.13,0.61
Nifty Tata Group 25% Cap,7/5/2020,-,-,-,3508.55,-41.39,-1.17,74313496,2072.7,17.11,1.94,1.28
Nifty Tata Group,7/5/2020,-,-,-,5679.09,-48.64,-0.85,77112480,2098.79,20.93,4.3,1.36
Nifty Mahindra Group,7/5/2020,-,-,-,6716.58,128.83,1.96,31063232,1060.18,11.07,1.68,2.6
Nifty Aditya Birla Group,7/5/2020,-,-,-,1990.99,-26.95,-1.34,183540804,537.56,,0.99,0.53
Nifty 8-13 yr G-Sec,7/5/2020,2158.34,2158.34,2157.95,2157.95,0.36,0.02,-,-,-,-,-
Nifty 4-8 yr G-Sec Index,7/5/2020,2301.57,2301.57,2301.17,2301.17,0.36,0.02,-,-,-,-,-
Nifty 11-15 yr G-Sec Index,7/5/2020,2326.96,2326.96,2326.54,2326.54,0.4,0.02,-,-,-,-,-
Nifty 15 yr and above G-Sec Index,7/5/2020,2520.36,2520.36,2519.9,2519.9,0.46,0.02,-,-,-,-,-
Nifty Composite G-sec Index,7/5/2020,2201.73,2201.73,2201.34,2201.34,0.35,0.02,-,-,-,-,-
Nifty 10 yr Benchmark G-Sec,7/5/2020,1981.11,1981.11,1980.77,1980.77,0.33,0.02,-,-,-,-,-
Nifty 10 yr Benchmark G-Sec (Clean Price),7/5/2020,979.39,979.39,979.39,979.39,-0.01,0,-,-,-,-,-
Nifty 1D Rate Index,7/5/2020,-,-,-,1886.75,0.18,0.01,-,-,-,-,-
Nifty50 USD,7/5/2020,-,-,-,4207.2,-32.86,-0.78,-,-,-,-,-
Nifty 50,8/5/2020,9376.95,9382.65,9238.2,9251.5,52.45,0.57,609053504,30743.45,21.28,2.64,1.64
Nifty Next 50,8/5/2020,23030,23123.3,22919.45,22959.5,199.65,0.88,400797442,5735.83,61.99,3.01,1.44
Nifty 100,8/5/2020,9522.65,9528.35,9395.45,9408.65,57.2,0.61,1011497649,36485.11,23.45,2.68,1.62
Nifty 200,8/5/2020,4844.4,4847.45,4778.4,4784.7,24.4,0.51,1404813377,42307.26,22.92,2.56,1.6
Nifty 500,8/5/2020,7649.35,7654.15,7542.8,7552,31.15,0.41,1635029843,45812.23,23.93,2.47,1.58
Nifty Midcap 50,8/5/2020,3593.05,3603.5,3525.65,3537.5,-5,-0.14,360282705,5160.38,18.03,1.54,1.82
NIFTY Midcap 100,8/5/2020,12987.2,13023.05,12763.35,12788.95,-42.05,-0.33,393315728,5822.15,19.16,1.85,1.5
NIFTY Smallcap 100,8/5/2020,3992.15,4005.05,3905.8,3910.6,-33.45,-0.85,124252930,2436.82,,1.32,1.81
Nifty50 Dividend Points,8/5/2020,-,-,-,1.83,0,-,-,-,-,-,-
Nifty Auto,8/5/2020,5622.7,5623.75,5424.8,5447.75,-71.25,-1.29,120922862,2908.32,17.84,2.38,2.03
Nifty Bank,8/5/2020,19844,19969.6,19285.05,19352.9,-138.9,-0.71,330610646,7983.74,22.31,1.81,0.5
Nifty Energy,8/5/2020,13043.65,13075.65,12872.4,12896.7,67.3,0.52,159663041,7295.51,10.29,1.24,3.98
Nifty Financial Services,8/5/2020,9751.85,9775.8,9535.9,9559.35,-16.4,-0.17,230156348,9324.63,20.11,2.65,0.77
Nifty FMCG,8/5/2020,26809.4,26809.4,26598.05,26759.8,505.25,1.92,65277326,5603.39,31.34,9.09,1.54
Nifty IT,8/5/2020,13509.45,13530.85,13324,13403.6,110.9,0.83,37686915,2405.48,16.73,4.33,2.36
Nifty Media,8/5/2020,1122.3,1141.75,1100.1,1105.1,7.2,0.66,54132254,948.54,153.18,1.4,1.86
Nifty Metal,8/5/2020,1734.85,1737,1671,1676.55,-19,-1.12,101840611,1161.01,8.1,0.71,7.49
Nifty MNC,8/5/2020,11932.3,11932.3,11827.85,11851.7,121.35,1.03,255997402,6064.76,,3.27,2.22
Nifty Pharma,8/5/2020,9275.9,9385.6,9230.35,9343.35,195.25,2.13,44253004,3032.56,28.86,3.57,0.58
Nifty PSU Bank,8/5/2020,1207.65,1214.05,1169.4,1171.9,-23.5,-1.97,106636269,1153.11,,0.4,0
Nifty Realty,8/5/2020,173.55,173.7,168.65,169.55,-1.1,-0.64,11110860,168.61,16.04,1.51,0.57
Nifty India Consumption,8/5/2020,4268.9,4268.9,4210,4216.5,24.65,0.59,163877975,10458.66,46.22,4.8,1.38
Nifty Commodities,8/5/2020,2553.65,2562,2506.45,2510.4,-3.45,-0.14,250450661,8904.62,11.29,1.14,4.14
Nifty Dividend Opportunities 50,8/5/2020,2021.75,2022.55,1981.65,1987.9,-1.35,-0.07,328339304,8849.08,11.5,1.75,5
Nifty Infrastructure,8/5/2020,2721.1,2724.6,2694.3,2697.85,20.45,0.76,250355500,10314.09,22.22,1.83,2.22
Nifty PSE,8/5/2020,2303,2309.7,2232.35,2238.2,-41.35,-1.81,202872742,1724.72,7.06,0.92,6.82
Nifty Services Sector,8/5/2020,12623.4,12623.4,12373.85,12397.55,0.1,0,466591549,15536.28,20.81,2.73,1.48
Nifty50 Shariah,8/5/2020,-,-,-,2233.64,30.56,1.39,125566329,9533.54,21.57,3.96,2.28
Nifty500 Shariah,8/5/2020,-,-,-,2622.41,23.43,0.9,342203402,14645.26,22.71,3.77,1.86
Nifty Low Volatility 50,8/5/2020,-,-,-,9485.52,70.34,0.75,235117913,19707.42,20.8,3.45,1.74
Nifty Alpha 50,8/5/2020,11446.2,11491.7,11329.45,11363.15,48.55,0.43,223431866,18060.8,28.56,5.42,0.58
Nifty High Beta 50,8/5/2020,-,-,-,792.8,-7.43,-0.93,815557361,10020.69,,0.58,3.26
Nifty100 Equal Weight,8/5/2020,10406.4,10423.2,10252.95,10269.95,18.8,0.18,1011497649,36485.11,,1.82,2.43
Nifty100 Liquid 15,8/5/2020,2313.85,2316.6,2237.95,2244.1,-23.55,-1.04,290496487,8785.35,24.73,1.29,2.35
Nifty CPSE,8/5/2020,1346.4,1351.45,1308.5,1311.9,-21.65,-1.62,95646357,881.74,6.82,0.91,7.62
Nifty50 Value 20,8/5/2020,4527.55,4527.55,4443.8,4458.3,20,0.45,242969247,8306.09,12.84,2.33,3.75
Nifty Midcap Liquid 15,8/5/2020,3074.35,3090.6,3033.3,3041.7,15.55,0.51,76993157,1537.61,14.66,1.66,2
Nifty Shariah 25,8/5/2020,-,-,-,3811.73,54.38,1.45,130879046,9082.97,22.08,3.27,1.89
India VIX,8/5/2020,39.93,39.93,36.5475,38.41,-1.52,-3.81,-,-,-,-,-
Nifty Growth Sectors 15,8/5/2020,4653.25,4656.55,4563.1,4572.55,23.4,0.51,215004670,12309.88,20.09,4.08,1.23
Nifty50 TR 1x Inverse,8/5/2020,409.8,416.1,409.6,415.5,-2.3,-0.55,-,-,-,-,-
Nifty50 TR 2x Leverage,8/5/2020,3724.05,3727.05,3616,3626.25,40.55,1.13,-,-,-,-,-
Nifty50 PR 1x Inverse,8/5/2020,468.65,475.8,468.4,475.15,-2.65,-0.55,-,-,-,-,-
Nifty50 PR 2x Leverage,8/5/2020,2843.8,2846.15,2761.3,2769.15,30.95,1.13,-,-,-,-,-
NIFTY100 Quality 30,8/5/2020,2201.6,2201.6,2179.3,2181.85,17.85,0.82,178859292,14509.76,22.8,5.36,2.18
Nifty 50 Futures TR Index,8/5/2020,-,-,-,9402.7,34.24,0.37,-,-,-,-,-
Nifty 50 Arbitrage,8/5/2020,-,-,-,1908.05,2.77,0.15,-,-,-,-,-
NIFTY50 Equal Weight,8/5/2020,9473.75,9478.55,9303.75,9318.2,8.6,0.09,609053504,30743.45,15.71,1.76,2.85
Nifty100 Low Volatility 30,8/5/2020,7595.2,7595.6,7512.45,7528.5,53.6,0.72,222931286,19155.72,19.56,3.62,1.88
NIFTY Alpha Low-Volatility 30,8/5/2020,-,-,-,10040.93,101.25,1.02,278478347,20242.39,23.38,4.3,1.39
NIFTY Quality Low-Volatility 30,8/5/2020,-,-,-,7188.18,70.51,0.99,134209217,11986.47,23.71,5.7,1.82
NIFTY Alpha Quality Low-Volatility 30,8/5/2020,-,-,-,8343.73,102.2,1.24,185051757,19089.15,25.89,6.1,1.46
NIFTY Alpha Quality Value Low-Volatility 30,8/5/2020,-,-,-,6392.81,62.34,0.98,231261772,16776.8,17.76,3.53,2.41
NIFTY200 Quality 30,8/5/2020,8423.4,8424,8350.2,8369.1,81.15,0.98,139192252,11023.68,23.35,5.79,2.23
NIFTY LargeMidcap 250,8/5/2020,-,-,-,4667.32,6.57,0.14,1426822303,42863.39,22.47,2.43,1.46
NIFTY SME EMERGE,8/5/2020,-,-,-,1091.71,-3.27,-0.3,-,-,10.78,1.01,0.48
Nifty Oil & Gas,8/5/2020,-,-,-,4326.87,50.09,1.17,117334808,7168.53,11.59,1.48,3.61
NIFTY100 ESG,8/5/2020,-,-,-,1813.63,15.85,0.88,868708976,34097.37,25.35,2.99,1.36
NIFTY100 Enhanced ESG,8/5/2020,-,-,-,1822.75,15.27,0.84,841088047,32992.1,25.29,2.98,1.39
NIFTY500 Value 50,8/5/2020,-,-,-,2432.1,-35.04,-1.42,308544245,2790.69,6.22,0.59,8.45
NIFTY100 Alpha 30,8/5/2020,-,-,-,6745.51,94.24,1.42,233462877,21678.64,55.73,4.97,0.79
Nifty 50 Futures Index,8/5/2020,-,-,-,3076.34,10.79,0.35,-,-,-,-,-
Nifty Consumer Durables,8/5/2020,-,-,-,11876.44,-103.45,-0.86,14349479,898.24,39.46,7.63,0.6
Nifty Midcap 150,8/5/2020,4978.75,4989.15,4895.45,4902.25,-17.6,-0.36,415324654,6378.28,21.47,2.22,1.3
Nifty MidSmallcap 400,8/5/2020,4451.95,4462.35,4376.15,4380.05,-20.75,-0.47,623532194,9327.12,26.33,1.84,1.44
Nifty Smallcap 50,8/5/2020,1882.5,1891.6,1843.8,1847.45,-13.5,-0.73,69252830,988.21,14.52,1.17,1.65
Nifty Smallcap 250,8/5/2020,3517.05,3528.2,3451.3,3453.4,-26.1,-0.75,208207540,2948.85,59.33,1.3,1.79
Nifty Private Bank,8/5/2020,10897.7,10976.85,10571.95,10613.45,-79.15,-0.74,241396654,6919.3,21.26,2.11,0.62
Nifty Tata Group 25% Cap,8/5/2020,-,-,-,3488.93,-19.62,-0.56,82488923,1909.42,17.01,1.93,1.29
Nifty Tata Group,8/5/2020,-,-,-,5669.92,-9.17,-0.16,85311921,1931.31,20.89,4.29,1.36
Nifty Mahindra Group,8/5/2020,-,-,-,6698.48,-18.1,-0.27,25779990,863.64,11.04,1.67,2.61
Nifty Aditya Birla Group,8/5/2020,-,-,-,2003.55,12.56,0.63,198688494,557.87,,0.99,0.52
Nifty 8-13 yr G-Sec,8/5/2020,2158.34,2166.58,2157.68,2166.51,8.56,0.4,-,-,-,-,-
Nifty 4-8 yr G-Sec Index,8/5/2020,2301.57,2306.2,2298.36,2306.05,4.88,0.21,-,-,-,-,-
Nifty 11-15 yr G-Sec Index,8/5/2020,2326.96,2342.25,2326.96,2341.13,14.59,0.63,-,-,-,-,-
Nifty 15 yr and above G-Sec Index,8/5/2020,2520.36,2525.19,2520.36,2524.75,4.85,0.19,-,-,-,-,-
Nifty Composite G-sec Index,8/5/2020,2201.73,2208.8,2199.82,2208.77,7.43,0.34,-,-,-,-,-
Nifty 10 yr Benchmark G-Sec,8/5/2020,1981.11,1989.67,1978.33,1989.56,8.79,0.44,-,-,-,-,-
Nifty 10 yr Benchmark G-Sec (Clean Price),8/5/2020,979.39,983.64,978.01,983.59,4.2,0.43,-,-,-,-,-
Nifty 1D Rate Index,8/5/2020,-,-,-,1886.92,0.35,0.02,-,-,-,-,-
Nifty50 USD,8/5/2020,-,-,-,4242.93,35.73,0.85,-,-,-,-,-
Nifty 50,11/5/2020,9348.15,9439.9,9219.95,9239.2,-12.3,-0.13,704647074,31048.47,21.21,2.63,1.65
Nifty Next 50,11/5/2020,23182.35,23371.8,23161.9,23201.45,241.95,1.05,1197778528,6386.35,62.63,3.04,1.43
Nifty 100,11/5/2020,9505.95,9596.8,9393.45,9411.7,3.05,0.03,1916995744,37488.23,23.42,2.68,1.62
Nifty 200,11/5/2020,4833.35,4877.75,4779.7,4789,4.3,0.09,2307827477,43335.56,22.91,2.56,1.6
Nifty 500,11/5/2020,7628.5,7692.35,7542.75,7556.4,4.4,0.06,2505750345,45508.07,23.92,2.48,1.58
Nifty Midcap 50,11/5/2020,3568.25,3606.2,3558.9,3567.15,29.65,0.84,341613990,5092.59,18.18,1.56,1.81
NIFTY Midcap 100,11/5/2020,12898.2,12980.2,12836.05,12863.4,74.45,0.58,390831733,5847.33,19.27,1.86,1.49
NIFTY Smallcap 100,11/5/2020,3959.45,3971.1,3899.7,3904.85,-5.75,-0.15,125258639,1366.7,,1.31,1.81
Nifty50 Dividend Points,11/5/2020,-,-,-,1.83,0,-,-,-,-,-,-
Nifty Auto,11/5/2020,5517.6,5789.7,5514.4,5679.7,231.95,4.26,301862752,6202.69,18.6,2.48,1.95
Nifty Bank,11/5/2020,19610.45,19733.4,18900.9,18950.5,-402.4,-2.08,342556509,8610.25,21.73,1.77,0.51
Nifty Energy,11/5/2020,13007.5,13188.85,12890.25,12920.15,23.45,0.18,136690964,5904.41,10.3,1.25,3.98
Nifty Financial Services,11/5/2020,9684,9729.45,9362.65,9386.05,-173.3,-1.81,267408214,10830.18,19.68,2.6,0.78
Nifty FMCG,11/5/2020,26895.65,27149.05,26608.2,26667.8,-92,-0.34,50403534,4289.03,31.23,9.06,1.54
Nifty IT,11/5/2020,13521.6,13763.8,13489.25,13593.55,189.95,1.42,29773180,1883.68,16.97,4.39,2.32
Nifty Media,11/5/2020,1123.1,1143.6,1121.75,1134.95,29.85,2.7,49434087,752.14,157.32,1.43,1.81
Nifty Metal,11/5/2020,1695.3,1720.1,1688.3,1697.9,21.35,1.27,106473542,1188.18,8.2,0.72,7.4
Nifty MNC,11/5/2020,11943.65,12030.45,11930.2,11950.35,98.65,0.83,1045765192,6497.7,,3.3,2.2
Nifty Pharma,11/5/2020,9413.25,9416.5,9281.7,9307.3,-36.05,-0.39,47289876,2996.47,28.74,3.56,0.58
Nifty PSU Bank,11/5/2020,1182.4,1185.85,1159.9,1164.55,-7.35,-0.63,107457690,1117.46,,0.4,0
Nifty Realty,11/5/2020,173.15,173.85,170.7,171.1,1.55,0.91,11024816,218.76,16.19,1.52,0.57
Nifty India Consumption,11/5/2020,4250.35,4314.2,4248.85,4263.2,46.7,1.11,171832532,10721.71,46.73,4.85,1.37
Nifty Commodities,11/5/2020,2536.4,2565,2523.05,2528.05,17.65,0.7,246386774,7980.64,11.35,1.15,4.11
Nifty Dividend Opportunities 50,11/5/2020,2004.45,2027.45,1997.8,2002.45,14.55,0.73,280373859,7994.9,11.64,1.76,4.97
Nifty Infrastructure,11/5/2020,2722.05,2757.1,2719.65,2726.55,28.7,1.06,250489818,9443.32,22.4,1.85,2.19
Nifty PSE,11/5/2020,2254.9,2271.05,2232.55,2235.55,-2.65,-0.12,155155179,1389.96,7.05,0.92,6.83
Nifty Services Sector,11/5/2020,12545.55,12648.25,12273.3,12304.55,-93,-0.75,431501476,15193.69,20.61,2.71,1.5
Nifty50 Shariah,11/5/2020,-,-,-,2244.7,11.06,0.5,105971407,8257.77,21.64,3.98,2.27
Nifty500 Shariah,11/5/2020,-,-,-,2639.94,17.54,0.67,357558373,14242.16,22.84,3.79,1.85
Nifty Low Volatility 50,11/5/2020,-,-,-,9515.05,29.53,0.31,177298107,16729.04,20.84,3.46,1.73
Nifty Alpha 50,11/5/2020,11451.9,11518.15,11403.4,11417.7,54.55,0.48,241705250,17149.75,28.61,5.44,0.58
Nifty High Beta 50,11/5/2020,-,-,-,798.39,5.59,0.71,1749018492,12576.54,,0.58,3.24
Nifty100 Equal Weight,11/5/2020,10370.9,10466.1,10348.55,10370.1,100.15,0.98,1916995744,37488.23,32194.71,1.84,2.41
Nifty100 Liquid 15,11/5/2020,2273.45,2298.25,2259.25,2266.7,22.6,1.01,393664619,9779.49,24.98,1.3,2.32
Nifty CPSE,11/5/2020,1320.6,1331.95,1311.15,1313.5,1.6,0.12,64105011,529.73,6.83,0.91,7.61
Nifty50 Value 20,11/5/2020,4495.95,4559.75,4486.55,4494.9,36.6,0.82,215345429,7615.16,12.94,2.34,3.72
Nifty Midcap Liquid 15,11/5/2020,3070.15,3129.1,3064.95,3092.5,50.8,1.67,93513448,1786.21,14.9,1.69,1.97
Nifty Shariah 25,11/5/2020,-,-,-,3818.92,7.19,0.19,154258923,8395.91,22.12,3.27,1.89
India VIX,11/5/2020,38.4075,38.495,36.9475,38.04,-0.37,-0.96,-,-,-,-,-
Nifty Growth Sectors 15,11/5/2020,4623.95,4662,4534.1,4541.3,-31.25,-0.68,174902282,11657.33,19.96,4.05,1.24
Nifty50 TR 1x Inverse,11/5/2020,411.25,417,407.15,416.15,0.65,0.16,-,-,-,-,-
Nifty50 TR 2x Leverage,11/5/2020,3701,3772.6,3600.9,3615.6,-10.65,-0.29,-,-,-,-,-
Nifty50 PR 1x Inverse,11/5/2020,470.3,476.85,465.6,475.9,0.75,0.16,-,-,-,-,-
Nifty50 PR 2x Leverage,11/5/2020,2826.2,2880.9,2749.8,2761,-8.15,-0.29,-,-,-,-,-
NIFTY100 Quality 30,11/5/2020,2201.7,2218.65,2197.05,2199.75,17.9,0.82,146666756,14049.56,22.99,5.4,2.16
Nifty 50 Futures TR Index,11/5/2020,-,-,-,9394.79,-7.91,-0.08,-,-,-,-,-
Nifty 50 Arbitrage,11/5/2020,-,-,-,1908.18,0.13,0.01,-,-,-,-,-
NIFTY50 Equal Weight,11/5/2020,9412.25,9504.25,9371.8,9392.85,74.65,0.8,704647074,31048.47,15.81,1.77,2.83
Nifty100 Low Volatility 30,11/5/2020,7594.5,7652.6,7557.4,7565.4,36.9,0.49,169893521,17754.58,19.66,3.64,1.87
NIFTY Alpha Low-Volatility 30,11/5/2020,-,-,-,10054.36,13.43,0.13,257536310,18762.66,23.31,4.31,1.39
NIFTY Quality Low-Volatility 30,11/5/2020,-,-,-,7243.68,55.5,0.77,115641997,11964.95,23.89,5.74,1.81
NIFTY Alpha Quality Low-Volatility 30,11/5/2020,-,-,-,8387.9,44.17,0.53,157545190,16896.27,26.02,6.14,1.45
NIFTY Alpha Quality Value Low-Volatility 30,11/5/2020,-,-,-,6455.6,62.8,0.98,177281690,14832.65,17.94,3.56,2.39
NIFTY200 Quality 30,11/5/2020,8445.15,8535.85,8428.6,8466.15,97.05,1.16,110795705,10529.14,23.62,5.86,2.21
NIFTY LargeMidcap 250,11/5/2020,-,-,-,4677.19,9.86,0.21,2319604986,43756.71,22.49,2.44,1.46
NIFTY SME EMERGE,11/5/2020,-,-,-,1091.19,-0.52,-0.05,-,-,10.78,1.01,0.48
Nifty Oil & Gas,11/5/2020,-,-,-,4362.63,35.76,0.83,98550309,6146.94,11.68,1.49,3.59
NIFTY100 ESG,11/5/2020,-,-,-,1815.78,2.14,0.12,1767000121,34525,25.34,2.99,1.36
NIFTY100 Enhanced ESG,11/5/2020,-,-,-,1825.21,2.46,0.13,1740844047,33445.16,25.28,2.99,1.39
NIFTY500 Value 50,11/5/2020,-,-,-,2449.12,17.02,0.7,300040903,2732.35,6.26,0.6,8.39
NIFTY100 Alpha 30,11/5/2020,-,-,-,6723.38,-22.13,-0.33,254076568,20394,54.96,4.95,0.79
Nifty 50 Futures Index,11/5/2020,-,-,-,3072.51,-3.83,-0.12,-,-,-,-,-
Nifty Consumer Durables,11/5/2020,-,-,-,12007.44,131,1.1,15387518,874.44,39.9,7.71,0.59
Nifty Midcap 150,11/5/2020,4942.8,4966.15,4913.35,4921.85,19.6,0.4,402609242,6268.48,21.55,2.23,1.29
Nifty MidSmallcap 400,11/5/2020,4420.1,4436.3,4382.2,4387.65,7.6,0.17,588754601,8019.84,26.53,1.84,1.44
Nifty Smallcap 50,11/5/2020,1869.7,1878.3,1845.05,1848.4,0.95,0.05,67099278,913.66,14.52,1.18,1.65
Nifty Smallcap 250,11/5/2020,3492.4,3499.6,3439.3,3440.3,-13.1,-0.38,186145359,1751.36,61.94,1.29,1.8
Nifty Private Bank,11/5/2020,10765.4,10838.4,10348.1,10379.25,-234.2,-2.21,252812903,7582.08,20.69,2.07,0.63
Nifty Tata Group 25% Cap,11/5/2020,-,-,-,3534.57,45.64,1.31,215369011,2834.45,17.24,1.95,1.27
Nifty Tata Group,11/5/2020,-,-,-,5776.93,107.01,1.89,230726995,2899.9,21.29,4.37,1.33
Nifty Mahindra Group,11/5/2020,-,-,-,6681.76,-16.73,-0.25,21172513,677.3,11.2,1.67,2.62
Nifty Aditya Birla Group,11/5/2020,-,-,-,2050.74,47.19,2.36,945131170,961.89,,1.02,0.51
Nifty 8-13 yr G-Sec,11/5/2020,2167.62,2167.62,2134.15,2142.71,-24.52,-1.13,-,-,-,-,-
Nifty 4-8 yr G-Sec Index,11/5/2020,2307.16,2307.16,2281.82,2288.68,-18.07,-0.78,-,-,-,-,-
Nifty 11-15 yr G-Sec Index,11/5/2020,2342.35,2342.35,2292.28,2310.74,-31.2,-1.33,-,-,-,-,-
Nifty 15 yr and above G-Sec Index,11/5/2020,2526.13,2526.13,2492.84,2492.84,-32.83,-1.3,-,-,-,-,-
Nifty Composite G-sec Index,11/5/2020,2209.86,2209.86,2182.15,2187.42,-22.05,-1,-,-,-,-,-
Nifty 10 yr Benchmark G-Sec,11/5/2020,1990.55,1990.55,1953.63,1963.01,-27.21,-1.37,-,-,-,-,-
Nifty 10 yr Benchmark G-Sec (Clean Price),11/5/2020,983.57,983.57,965.22,969.88,-13.7,-1.39,-,-,-,-,-
Nifty 1D Rate Index,11/5/2020,-,-,-,1887.44,0.52,0.03,-,-,-,-,-
Nifty50 USD,11/5/2020,-,-,-,4226.99,-15.94,-0.38,-,-,-,-,-
Nifty 50,12/5/2020,9168.85,9240.85,9043.95,9196.55,-42.65,-0.46,805458787,37706.27,21.11,2.62,1.65
Nifty Next 50,12/5/2020,23087.95,23239.35,22794.95,23164.65,-36.8,-0.16,840452937,6718.34,63.96,3.04,1.43
Nifty 100,12/5/2020,9343.6,9415.05,9218.45,9372.25,-39.45,-0.42,1648822311,44434.96,23.35,2.67,1.62
Nifty 200,12/5/2020,4756.25,4788.95,4690.15,4767.45,-21.55,-0.45,2043725577,49729.36,22.83,2.55,1.61
Nifty 500,12/5/2020,7508.55,7552.6,7403.3,7520.9,-35.5,-0.47,2249675676,51889.99,23.84,2.46,1.59
Nifty Midcap 50,12/5/2020,3549.65,3567.95,3487.5,3547.5,-19.65,-0.55,361231418,4668.67,18.08,1.55,1.82
NIFTY Midcap 100,12/5/2020,12819.3,12824.15,12583.15,12771.3,-92.1,-0.72,394903266,5294.4,19.15,1.85,1.51
NIFTY Smallcap 100,12/5/2020,3898.35,3905.5,3820.4,3878.85,-26,-0.67,152563508,1391.82,,1.31,1.82
Nifty50 Dividend Points,12/5/2020,-,-,-,1.83,0,-,-,-,-,-,-
Nifty Auto,12/5/2020,5653.6,5735.65,5502.8,5708.95,29.25,0.51,164451576,4476.39,18.69,2.49,1.94
Nifty Bank,12/5/2020,18751.4,18993.4,18287,18862.85,-87.65,-0.46,395412970,10402.2,21.63,1.76,0.51
Nifty Energy,12/5/2020,12859.9,12919.45,12584.45,12664.4,-255.75,-1.98,159531925,8068.9,10.1,1.22,4.06
Nifty Financial Services,12/5/2020,9271.6,9417.25,9052.75,9365.85,-20.2,-0.22,311078165,13610.74,19.64,2.6,0.78
Nifty FMCG,12/5/2020,26571.05,26913.65,26321.9,26857.15,189.35,0.71,53361288,4988.38,31.46,9.12,1.53
Nifty IT,12/5/2020,13537.15,13733.5,13480.75,13687.75,94.2,0.69,32012528,2151.36,17.09,4.42,2.31
Nifty Media,12/5/2020,1135.75,1161.55,1106.25,1154.25,19.3,1.7,49847206,590.3,160,1.46,1.78
Nifty Metal,12/5/2020,1687.2,1727.3,1657.4,1717.55,19.65,1.16,210393978,2110.83,8.29,0.73,7.32
Nifty MNC,12/5/2020,11917.05,12049.05,11775.2,12017.3,66.95,0.56,763448676,7517.42,,3.32,2.19
Nifty Pharma,12/5/2020,9291.1,9368.05,9142.8,9246.65,-60.65,-0.65,54851247,3611.59,29.36,3.54,0.58
Nifty PSU Bank,12/5/2020,1156.2,1176.3,1131.35,1166.8,2.25,0.19,137735013,1415.3,,0.4,0
Nifty Realty,12/5/2020,169.9,173.1,167.3,172.45,1.35,0.79,10714377,174.79,16.64,1.54,0.56
Nifty India Consumption,12/5/2020,4237.15,4308.45,4191.5,4295.5,32.3,0.76,164883949,12027.44,47.62,4.89,1.36
Nifty Commodities,12/5/2020,2516.95,2533.8,2488.75,2523.45,-4.6,-0.18,369151920,11056.11,11.33,1.14,4.12
Nifty Dividend Opportunities 50,12/5/2020,1992.8,2026.85,1976.55,2022.05,19.6,0.98,403250273,9377.29,11.75,1.78,4.92
Nifty Infrastructure,12/5/2020,2712.35,2721.8,2669.15,2700.8,-25.75,-0.94,262931271,12053.79,22.19,1.83,2.21
Nifty PSE,12/5/2020,2229.8,2252.5,2205.3,2245.35,9.8,0.44,198599838,1577.91,7.09,0.92,6.8
Nifty Services Sector,12/5/2020,12190,12396.7,12003.65,12347.1,42.55,0.35,501359784,19102.66,20.68,2.72,1.49
Nifty50 Shariah,12/5/2020,-,-,-,2241.64,-3.06,-0.14,124716358,9504.5,21.61,3.97,2.28
Nifty500 Shariah,12/5/2020,-,-,-,2631.55,-8.39,-0.32,375592621,14728.54,22.76,3.78,1.85
Nifty Low Volatility 50,12/5/2020,-,-,-,9453.58,-61.47,-0.65,231728159,21686.65,20.7,3.44,1.74
Nifty Alpha 50,12/5/2020,11384.1,11426.1,11275.05,11401.55,-16.15,-0.14,264946616,21103.35,28.62,5.43,0.58
Nifty High Beta 50,12/5/2020,-,-,-,799.39,1,0.13,1431191824,13253.96,,0.58,3.24
Nifty100 Equal Weight,12/5/2020,10324.1,10422.15,10186.85,10395.05,24.95,0.24,1648822311,44434.96,,1.85,2.4
Nifty100 Liquid 15,12/5/2020,2253.9,2320.5,2223.85,2308.85,42.15,1.86,456621025,11852.66,25.44,1.33,2.28
Nifty CPSE,12/5/2020,1311.15,1331.65,1293.65,1325.35,11.85,0.9,80669637,726.49,6.89,0.91,7.55
Nifty50 Value 20,12/5/2020,4472.75,4553.15,4442.2,4541.9,47,1.05,314326929,9022.19,13.08,2.37,3.68
Nifty Midcap Liquid 15,12/5/2020,3076.7,3104.9,3021.5,3078.35,-14.15,-0.46,106557042,1624.59,14.83,1.68,1.98
Nifty Shariah 25,12/5/2020,-,-,-,3793.72,-25.2,-0.66,137272151,8872.63,21.98,3.25,1.9
India VIX,12/5/2020,38.0375,38.8125,35.245,38.21,0.17,0.44,-,-,-,-,-
Nifty Growth Sectors 15,12/5/2020,4497,4556.8,4409.45,4541,-0.3,-0.01,191089715,14740.49,19.96,4.05,1.24
Nifty50 TR 1x Inverse,12/5/2020,419.35,424.95,416.15,418.1,1.95,0.47,-,-,-,-,-
Nifty50 TR 2x Leverage,12/5/2020,3560.2,3616.15,3462.55,3581.9,-33.7,-0.93,-,-,-,-,-
Nifty50 PR 1x Inverse,12/5/2020,479.55,486,475.9,478.15,2.25,0.47,-,-,-,-,-
Nifty50 PR 2x Leverage,12/5/2020,2718.7,2761.45,2644.15,2735.3,-25.7,-0.93,-,-,-,-,-
NIFTY100 Quality 30,12/5/2020,2187.25,2205.45,2163.1,2200.15,0.4,0.02,193045219,17048.42,22.99,5.4,2.16
Nifty 50 Futures TR Index,12/5/2020,-,-,-,9383.01,-11.78,-0.13,-,-,-,-,-
Nifty 50 Arbitrage,12/5/2020,-,-,-,1904.24,-3.94,-0.21,-,-,-,-,-
NIFTY50 Equal Weight,12/5/2020,9350.1,9473.7,9233.95,9441.25,48.4,0.52,805458787,37706.27,15.9,1.78,2.81
Nifty100 Low Volatility 30,12/5/2020,7522.7,7563.8,7447.3,7547.8,-17.6,-0.23,225335991,22681.34,19.61,3.63,1.87
NIFTY Alpha Low-Volatility 30,12/5/2020,-,-,-,10044.64,-9.72,-0.1,307710577,23846.68,23.29,4.31,1.39
NIFTY Quality Low-Volatility 30,12/5/2020,-,-,-,7236.81,-6.86,-0.09,141468976,14082.86,23.87,5.73,1.81
NIFTY Alpha Quality Low-Volatility 30,12/5/2020,-,-,-,8351.47,-36.43,-0.43,202633500,22410.83,25.91,6.11,1.46
NIFTY Alpha Quality Value Low-Volatility 30,12/5/2020,-,-,-,6439.71,-15.89,-0.25,220016424,18531.58,17.89,3.55,2.39
NIFTY200 Quality 30,12/5/2020,8425.2,8478.1,8326.15,8461.9,-4.25,-0.05,132315587,11391.25,23.61,5.85,2.21
NIFTY LargeMidcap 250,12/5/2020,-,-,-,4652.14,-25.05,-0.54,2053344195,50152.75,22.39,2.42,1.47
NIFTY SME EMERGE,12/5/2020,-,-,-,1092.34,1.15,0.11,-,-,10.79,1.01,0.48
Nifty Oil & Gas,12/5/2020,-,-,-,4214.45,-148.18,-3.4,112100347,7919.31,11.29,1.44,3.71
NIFTY100 ESG,12/5/2020,-,-,-,1800.62,-15.16,-0.83,1406606108,40701.13,25.17,2.96,1.37
NIFTY100 Enhanced ESG,12/5/2020,-,-,-,1810.1,-15.11,-0.83,1384839526,39905.76,25.11,2.96,1.4
NIFTY500 Value 50,12/5/2020,-,-,-,2457.5,8.38,0.34,427130860,3724.91,6.28,0.6,8.37
NIFTY100 Alpha 30,12/5/2020,-,-,-,6708.25,-15.13,-0.22,300926058,26366.26,54.84,4.94,0.79
Nifty 50 Futures Index,12/5/2020,-,-,-,3068.25,-4.26,-0.14,-,-,-,-,-
Nifty Consumer Durables,12/5/2020,-,-,-,12017.31,9.87,0.08,16263444,926.45,39.93,7.72,0.59
Nifty Midcap 150,12/5/2020,4908.8,4910.35,4827.1,4889.6,-32.25,-0.66,404521884,5717.8,21.42,2.21,1.3
Nifty MidSmallcap 400,12/5/2020,4377.9,4380.7,4303.85,4357,-30.65,-0.7,600853365,7455.03,26.37,1.83,1.45
Nifty Smallcap 50,12/5/2020,1846.95,1850.45,1812.9,1841.65,-6.75,-0.37,109037154,913.99,14.52,1.17,1.65
Nifty Smallcap 250,12/5/2020,3436.2,3442.1,3375.4,3412.6,-27.7,-0.81,196331481,1737.24,61.71,1.28,1.81
Nifty Private Bank,12/5/2020,10271.75,10381.55,10006.8,10310.75,-68.5,-0.66,279119222,9094.23,20.55,2.05,0.64
Nifty Tata Group 25% Cap,12/5/2020,-,-,-,3554.8,20.23,0.57,136826769,2534.28,17.33,1.96,1.26
Nifty Tata Group,12/5/2020,-,-,-,5816.94,40.01,0.69,140629754,2557.28,21.43,4.4,1.32
Nifty Mahindra Group,12/5/2020,-,-,-,6728.09,46.33,0.69,20146074,641.62,11.28,1.68,2.6
Nifty Aditya Birla Group,12/5/2020,-,-,-,2068.87,18.13,0.88,607745499,809.85,,1.03,0.51
Nifty 8-13 yr G-Sec,12/5/2020,2143.09,2146.03,2138.4,2143.67,0.96,0.04,-,-,-,-,-
Nifty 4-8 yr G-Sec Index,12/5/2020,2289.09,2289.21,2284.07,2286.85,-1.83,-0.08,-,-,-,-,-
Nifty 11-15 yr G-Sec Index,12/5/2020,2311.15,2311.28,2303.11,2307.19,-3.55,-0.15,-,-,-,-,-
Nifty 15 yr and above G-Sec Index,12/5/2020,2493.3,2505.89,2493.3,2505.89,13.05,0.52,-,-,-,-,-
Nifty Composite G-sec Index,12/5/2020,2187.81,2188.57,2183.1,2186.49,-0.93,-0.04,-,-,-,-,-
Nifty 10 yr Benchmark G-Sec,12/5/2020,1963.35,1966.79,1959,1963.83,0.82,0.04,-,-,-,-,-
Nifty 10 yr Benchmark G-Sec (Clean Price),12/5/2020,969.88,971.59,967.71,970.12,0.24,0.02,-,-,-,-,-
Nifty 1D Rate Index,12/5/2020,-,-,-,1887.57,0.13,0.01,-,-,-,-,-
Nifty50 USD,12/5/2020,-,-,-,4219.84,-7.15,-0.17,-,-,-,-,-
Nifty Next 50,13-05-2020,23876.4,23891.75,23359.5,23457.65,293,1.26,858055518,8031.12,65.08,3.07,1.41
Nifty 100,13-05-2020,9752.35,9752.45,9518.8,9552.65,180.4,1.92,1710074994,44540.75,23.77,2.72,1.59
Nifty 200,13-05-2020,4958.9,4958.95,4839.35,4861.05,93.6,1.96,2610928752,52999.43,23.26,2.6,1.58
Nifty 500,13-05-2020,7819.15,7819.2,7632.85,7667,146.1,1.94,2904380722,55786.64,24.3,2.51,1.56
Nifty Midcap 50,13-05-2020,3688.3,3688.3,3581.3,3647.6,100.1,2.82,838715503,7496.06,18.59,1.59,1.77
NIFTY Midcap 100,13-05-2020,13240.15,13240.15,12901.15,13064,292.7,2.29,900853758,8458.68,19.63,1.89,1.47
NIFTY Smallcap 100,13-05-2020,4040.65,4040.65,3939.35,3975.7,96.85,2.5,191398231,1783.7,,1.34,1.78
Nifty50 Dividend Points,13-05-2020,-,-,-,1.83,0,-,-,-,-,-,-
Nifty Auto,13-05-2020,6014.2,6033.95,5815.5,5844.6,135.65,2.38,179261745,5172.32,19.14,2.55,1.89
Nifty Bank,13-05-2020,20017.75,20122.25,19429.9,19634.95,772.1,4.09,520830667,12055.56,22.55,1.84,0.49
Nifty Energy,13-05-2020,13176.8,13176.8,12742,12911.45,247.05,1.95,185004435,5922.35,10.26,1.24,3.99
Nifty Financial Services,13-05-2020,9867.85,9909.5,9604.9,9679.6,313.75,3.35,395195279,15292.01,20.3,2.68,0.76
Nifty FMCG,13-05-2020,27761.9,27765.9,26680.75,26746.5,-110.65,-0.41,56803279,4676.11,31.29,9.08,1.54
Nifty IT,13-05-2020,13960.35,13960.35,13612.8,13776.95,89.2,0.65,26694109,1775.07,17.2,4.45,2.29
Nifty Media,13-05-2020,1193.2,1193.6,1147.6,1171.1,16.85,1.46,48929623,857.75,162.33,1.48,1.75
Nifty Metal,13-05-2020,1812.2,1813.55,1750.8,1760.6,43.05,2.51,282829818,2843.09,8.5,0.74,7.14
Nifty MNC,13-05-2020,12398.8,12398.8,11995.35,12016.4,-0.9,-0.01,685993102,7698.89,,3.32,2.19
Nifty Pharma,13-05-2020,9447.95,9447.95,9131.15,9147.75,-98.9,-1.07,46759973,2804.02,29.04,3.5,0.59
Nifty PSU Bank,13-05-2020,1238.35,1246.55,1196.8,1238.05,71.25,6.11,222468813,2038.18,,0.42,0
Nifty Realty,13-05-2020,180.15,180.7,175.65,178.4,5.95,3.45,15964409,312.68,17.22,1.59,0.55
Nifty India Consumption,13-05-2020,4445.4,4445.45,4317.8,4324,28.5,0.66,195196981,11329.37,47.91,4.92,1.35
Nifty Commodities,13-05-2020,2630.05,2630.05,2565.15,2587.9,64.45,2.55,474116956,10387.7,11.6,1.17,4.02
Nifty Dividend Opportunities 50,13-05-2020,2092.65,2092.65,2045.2,2050.75,28.7,1.42,795258418,10137.59,11.91,1.8,4.85
Nifty Infrastructure,13-05-2020,2802.6,2802.6,2728.6,2762.3,61.5,2.28,331336986,11529.85,22.64,1.87,2.17
Nifty PSE,13-05-2020,2338.5,2338.5,2281.05,2311.3,65.95,2.94,546842611,3002.83,7.29,0.95,6.6
Nifty Services Sector,13-05-2020,12864.75,12873.8,12587.55,12644.15,297.05,2.41,581168609,20667.52,21.18,2.79,1.46
Nifty50 Shariah,13-05-2020,-,-,-,2251.78,10.14,0.45,114864875,8115.32,21.7,3.99,2.27
Nifty500 Shariah,13-05-2020,-,-,-,2652.95,21.4,0.81,720247743,15487.74,22.94,3.81,1.84
Nifty Low Volatility 50,13-05-2020,-,-,-,9540.81,87.23,0.92,237848162,19662.22,20.88,3.47,1.73
Nifty Alpha 50,13-05-2020,11758.15,11761.65,11491.9,11542,140.45,1.23,288114180,18535.53,28.97,5.5,0.57
Nifty High Beta 50,13-05-2020,-,-,-,835.78,36.4,4.55,1863098846,16341.26,,0.61,3.1
Nifty100 Equal Weight,13-05-2020,10795.95,10795.95,10521.7,10576.9,181.85,1.75,1710074994,44540.75,,1.88,2.36
Nifty100 Liquid 15,13-05-2020,2416.5,2418.8,2342.35,2360.1,51.25,2.22,539352383,13559.62,26.01,1.36,2.23
Nifty CPSE,13-05-2020,1380.4,1380.4,1345.05,1361.85,36.5,2.75,130929798,1037.65,7.08,0.94,7.34
Nifty50 Value 20,13-05-2020,4690.85,4690.95,4573.2,4581.25,39.35,0.87,360411528,8280.34,13.19,2.39,3.65
Nifty Midcap Liquid 15,13-05-2020,3202.1,3205,3094.85,3151.15,72.8,2.36,187519307,2665.46,15.18,1.72,1.93
Nifty Shariah 25,13-05-2020,-,-,-,3822.14,28.42,0.75,144744982,8423.63,22.13,3.28,1.88
India VIX,13-05-2020,38.205,39.0475,33.44,38.84,0.63,1.65,-,-,-,-,-
Nifty Growth Sectors 15,13-05-2020,4758.9,4758.95,4601.6,4616.3,75.3,1.66,190557229,13638.06,20.29,4.12,1.22
Nifty50 TR 1x Inverse,13-05-2020,400.5,411.1,400.5,409.65,-8.45,-2.02,-,-,-,-,-
Nifty50 TR 2x Leverage,13-05-2020,3883.6,3883.6,3702.3,3727.25,145.35,4.06,-,-,-,-,-
Nifty50 PR 1x Inverse,13-05-2020,458,470.1,458,468.45,-9.7,-2.03,-,-,-,-,-
Nifty50 PR 2x Leverage,13-05-2020,2965.65,2965.65,2827.2,2846.3,111,4.06,-,-,-,-,-
NIFTY100 Quality 30,13-05-2020,2274.9,2274.95,2215.85,2220.75,20.6,0.94,204658688,16069.57,23.2,5.45,2.14
Nifty 50 Futures TR Index,13-05-2020,-,-,-,9568.82,185.8,1.98,-,-,-,-,-
Nifty 50 Arbitrage,13-05-2020,-,-,-,1905.12,0.88,0.05,-,-,-,-,-
NIFTY50 Equal Weight,13-05-2020,9836.1,9836.15,9568,9615.65,174.4,1.85,846395245,36488.9,16.18,1.81,2.76
Nifty100 Low Volatility 30,13-05-2020,7822.9,7822.9,7630.75,7643.3,95.5,1.27,217193147,20559.82,19.85,3.67,1.85
NIFTY Alpha Low-Volatility 30,13-05-2020,-,-,-,10150.83,106.19,1.06,295307509,20845.45,23.51,4.35,1.37
NIFTY Quality Low-Volatility 30,13-05-2020,-,-,-,7292.85,56.03,0.77,125302997,12630.95,24.04,5.78,1.79
NIFTY Alpha Quality Low-Volatility 30,13-05-2020,-,-,-,8406.47,55,0.66,178838972,18738.13,26.07,6.15,1.45
NIFTY Alpha Quality Value Low-Volatility 30,13-05-2020,-,-,-,6491.65,51.93,0.81,225672713,15156.28,18.02,3.58,2.37
NIFTY200 Quality 30,13-05-2020,8721.05,8721.15,8494.05,8513.2,51.3,0.61,156250513,11003.98,23.75,5.89,2.19
NIFTY LargeMidcap 250,13-05-2020,-,-,-,4741.36,89.23,1.92,2625801203,53452.62,22.85,2.47,1.44
NIFTY SME EMERGE,13-05-2020,-,-,-,1093.15,0.81,0.07,-,-,10.79,1.01,0.48
Nifty Oil & Gas,13-05-2020,-,-,-,4272.96,58.51,1.39,106494135,5585.62,11.4,1.46,3.67
NIFTY100 ESG,13-05-2020,-,-,-,1834.64,34.03,1.89,1366373624,39589.31,25.61,3.02,1.35
NIFTY100 Enhanced ESG,13-05-2020,-,-,-,1845.31,35.21,1.95,1340152802,38692.29,25.57,3.01,1.38
NIFTY500 Value 50,13-05-2020,-,-,-,2558.71,101.22,4.12,892730677,6056.15,6.54,0.62,8.03
NIFTY100 Alpha 30,13-05-2020,-,-,-,6749.16,40.91,0.61,290902122,23058.67,55.04,4.97,0.79
Nifty 50 Futures Index,13-05-2020,-,-,-,3128.6,60.35,1.97,-,-,-,-,-
Nifty Consumer Durables,13-05-2020,-,-,-,12280.65,263.33,2.19,20964370,1206.99,41.07,7.89,0.58
Nifty Midcap 150,13-05-2020,5058.55,5058.55,4937.05,4983.1,93.5,1.91,915726209,8911.86,21.91,2.26,1.27
Nifty MidSmallcap 400,13-05-2020,4512.05,4512.05,4405.8,4445.1,88.1,2.02,1194305728,11245.89,26.98,1.87,1.42
Nifty Smallcap 50,13-05-2020,1918.15,1918.9,1863.25,1877.1,35.45,1.92,137615867,1167.25,14.78,1.19,1.62
Nifty Smallcap 250,13-05-2020,3542.7,3542.7,3462.8,3490.8,78.2,2.29,278579519,2334.03,62.92,1.31,1.77
Nifty Private Bank,13-05-2020,10944.3,11008.4,10609.5,10718.9,408.15,3.96,344310985,10285.03,21.41,2.13,0.61
Nifty Tata Group 25% Cap,13-05-2020,-,-,-,3585.85,31.05,0.87,160215622,2657.6,17.49,1.98,1.25
Nifty Tata Group,13-05-2020,-,-,-,5835.56,18.62,0.32,168068191,2714.5,21.5,4.41,1.32
Nifty Mahindra Group,13-05-2020,-,-,-,7009.21,281.12,4.18,22969699,694.03,11.75,1.75,2.49
Nifty Aditya Birla Group,13-05-2020,-,-,-,2146.06,77.19,3.73,465057342,996.84,,1.06,0.49
Nifty 8-13 yr G-Sec,13-05-2020,2144.06,2154.05,2139.77,2152.75,9.08,0.42,-,-,-,-,-
Nifty 4-8 yr G-Sec Index,13-05-2020,2287.25,2292.24,2286.34,2292.01,5.16,0.23,-,-,-,-,-
Nifty 11-15 yr G-Sec Index,13-05-2020,2307.61,2320.15,2304.05,2318.41,11.22,0.49,-,-,-,-,-
Nifty 15 yr and above G-Sec Index,13-05-2020,2506.35,2513.84,2505.94,2513.84,7.95,0.32,-,-,-,-,-
Nifty Composite G-sec Index,13-05-2020,2186.88,2194.3,2184.45,2193.37,6.88,0.31,-,-,-,-,-
Nifty 10 yr Benchmark G-Sec,13-05-2020,1964.17,1975.36,1954.89,1973.41,9.58,0.49,-,-,-,-,-
Nifty 10 yr Benchmark G-Sec (Clean Price),13-05-2020,970.12,975.68,965.5,974.71,4.59,0.47,-,-,-,-,-
Nifty 1D Rate Index,13-05-2020,-,-,-,1887.66,0.09,0,-,-,-,-,-
Nifty50 USD,13-05-2020,-,-,-,4308.48,88.64,2.1,-,-,-,-,-
Nifty Next 50,14-05-2020,23330.05,23535.35,23217.25,23306.6,-151.05,-0.64,563833503,7767.3,66.54,3.05,1.42
Nifty 100,14-05-2020,9396.85,9465.85,9310.05,9333.1,-219.55,-2.3,1170951485,37325.06,23.3,2.65,1.63
Nifty 200,14-05-2020,4787.35,4824.2,4746.85,4759.15,-101.9,-2.1,1933848818,44654.07,22.84,2.54,1.61
Nifty 500,14-05-2020,7558.15,7614.8,7495.9,7514.55,-152.45,-1.99,2144455767,46932.59,23.88,2.46,1.59
Nifty Midcap 50,14-05-2020,3621.1,3665.65,3600.75,3626.1,-21.5,-0.59,717970112,6553.75,18.48,1.58,1.78
NIFTY Midcap 100,14-05-2020,12996.3,13135.85,12943.4,13018.2,-45.8,-0.35,762897333,7329.01,19.56,1.88,1.48
NIFTY Smallcap 100,14-05-2020,3959.5,3978.7,3924.75,3936.2,-39.5,-0.99,152552116,1510.34,,1.33,1.8
Nifty50 Dividend Points,14-05-2020,-,-,-,1.83,0,-,-,-,-,-,-
Nifty Auto,14-05-2020,5698.55,5865.95,5668.4,5804.05,-40.55,-0.69,109783296,3550.22,19.3,2.54,1.91
Nifty Bank,14-05-2020,19197.7,19380.1,19024.75,19068.5,-566.45,-2.88,333038859,7758.17,21.94,1.78,0.51
Nifty Energy,14-05-2020,12764.35,12782.4,12456.25,12485.95,-425.5,-3.3,189907571,4631.17,9.92,1.2,4.13
Nifty Financial Services,14-05-2020,9499.85,9581.65,9337.2,9355.65,-323.95,-3.35,303269159,12950.23,19.64,2.59,0.79
Nifty FMCG,14-05-2020,26618.1,27090.8,26587,26933.65,187.15,0.7,65530916,5089.02,32.02,9.15,1.53
Nifty IT,14-05-2020,13396.05,13483.7,13246.8,13293.7,-483.25,-3.51,40148565,2475.5,16.59,4.29,2.37
Nifty Media,14-05-2020,1160.15,1166.6,1136.8,1158.4,-12.7,-1.08,43340661,716.16,160.57,1.46,1.77
Nifty Metal,14-05-2020,1732.15,1753.25,1710.3,1715.05,-45.55,-2.59,116071601,1228.53,8.28,0.73,7.33
Nifty MNC,14-05-2020,11935.7,12104.1,11896.2,12041.9,25.5,0.21,360679804,6293.19,,3.33,2.18
Nifty Pharma,14-05-2020,9146.1,9279.65,9103.8,9172.2,24.45,0.27,60236390,3280.64,29.12,3.51,0.59
Nifty PSU Bank,14-05-2020,1221.45,1236.85,1202.9,1205.9,-32.15,-2.6,121895775,1145.75,,0.41,0
Nifty Realty,14-05-2020,178.6,178.6,173.2,175.2,-3.2,-1.79,12407814,206.56,16.91,1.56,0.56
Nifty India Consumption,14-05-2020,4283.6,4334.8,4277.7,4310.25,-13.75,-0.32,202821701,9960.76,48.94,4.91,1.35
Nifty Commodities,14-05-2020,2561.55,2574.15,2526.45,2536.2,-51.7,-2,298736571,6849.94,11.37,1.15,4.1
Nifty Dividend Opportunities 50,14-05-2020,2020.35,2033.15,2008.85,2015.7,-35.05,-1.71,611280361,9485.34,11.71,1.77,4.93
Nifty Infrastructure,14-05-2020,2730.9,2746.15,2691.5,2706.85,-55.45,-2.01,294121105,8670.97,22.2,1.83,2.21
Nifty PSE,14-05-2020,2296.6,2296.95,2247.8,2252.55,-58.75,-2.54,436549225,2534.52,7.11,0.93,6.78
Nifty Services Sector,14-05-2020,12370.7,12461.85,12206.4,12229.75,-414.4,-3.28,510958059,18216.65,20.51,2.7,1.51
Nifty50 Shariah,14-05-2020,-,-,-,2198.77,-53.01,-2.35,108809777,7714.77,21.19,3.9,2.32
Nifty500 Shariah,14-05-2020,-,-,-,2612.71,-40.24,-1.52,575766770,14484.25,22.67,3.75,1.87
Nifty Low Volatility 50,14-05-2020,-,-,-,9444.89,-95.92,-1.01,226074482,16748.85,20.69,3.43,1.74
Nifty Alpha 50,14-05-2020,11477.05,11580.4,11420.05,11462.7,-79.3,-0.69,212797221,15053.64,28.81,5.46,0.57
Nifty High Beta 50,14-05-2020,-,-,-,820.88,-14.9,-1.78,1261594588,12588.35,,0.6,3.15
Nifty100 Equal Weight,14-05-2020,10469.9,10549.9,10413.9,10442.2,-134.7,-1.27,1170951485,37325.06,,1.85,2.39
Nifty100 Liquid 15,14-05-2020,2324.35,2351.1,2301.8,2310.75,-49.35,-2.09,327609300,10764.53,25.7,1.33,2.28
Nifty CPSE,14-05-2020,1350.15,1350.4,1317.6,1324.55,-37.3,-2.74,120161177,936.43,6.88,0.91,7.55
Nifty50 Value 20,14-05-2020,4494.25,4521.35,4466.4,4481.65,-99.6,-2.17,248357787,7290.97,12.91,2.34,3.73
Nifty Midcap Liquid 15,14-05-2020,3120.3,3156.2,3104.2,3123.4,-27.75,-0.88,152455311,2305.3,15.05,1.71,1.95
Nifty Shariah 25,14-05-2020,-,-,-,3793.64,-28.49,-0.75,112930300,7247.71,22.15,3.25,1.9
India VIX,14-05-2020,38.835,38.835,35.795,38.18,-0.65,-1.68,-,-,-,-,-
Nifty Growth Sectors 15,14-05-2020,4553.35,4609.25,4539.3,4546.1,-70.2,-1.52,181562786,13126.2,20.19,4.05,1.24
Nifty50 TR 1x Inverse,14-05-2020,417.05,421.15,414.15,420.15,10.5,2.56,-,-,-,-,-
Nifty50 TR 2x Leverage,14-05-2020,3592.4,3645.35,3517.9,3535.8,-191.45,-5.14,-,-,-,-,-
Nifty50 PR 1x Inverse,14-05-2020,476.95,481.6,473.6,480.5,12.05,2.57,-,-,-,-,-
Nifty50 PR 2x Leverage,14-05-2020,2743.3,2783.75,2686.4,2700.1,-146.2,-5.14,-,-,-,-,-
NIFTY100 Quality 30,14-05-2020,2193.4,2218,2187.1,2199.7,-21.05,-0.95,205184404,16037.94,23.2,5.4,2.16
Nifty 50 Futures TR Index,14-05-2020,-,-,-,9315.77,-253.05,-2.64,-,-,-,-,-
Nifty 50 Arbitrage,14-05-2020,-,-,-,1906.36,1.24,0.07,-,-,-,-,-
NIFTY50 Equal Weight,14-05-2020,9475.35,9532.2,9422.55,9455.2,-160.45,-1.67,602555564,29541.59,15.93,1.78,2.81
Nifty100 Low Volatility 30,14-05-2020,7553.35,7595.6,7523.45,7551.55,-91.75,-1.2,215601230,17405.55,19.64,3.63,1.87
NIFTY Alpha Low-Volatility 30,14-05-2020,-,-,-,10003.07,-147.76,-1.46,241459659,16130.99,23.18,4.29,1.39
NIFTY Quality Low-Volatility 30,14-05-2020,-,-,-,7233.37,-59.48,-0.82,126553782,11887.73,24.1,5.73,1.81
NIFTY Alpha Quality Low-Volatility 30,14-05-2020,-,-,-,8305.6,-100.87,-1.2,164065480,17251.05,25.77,6.07,1.47
NIFTY Alpha Quality Value Low-Volatility 30,14-05-2020,-,-,-,6417.6,-74.05,-1.14,229976661,13623.93,17.82,3.54,2.4
NIFTY200 Quality 30,14-05-2020,8412.6,8506.4,8391.75,8453.95,-59.25,-0.7,153178205,10263.32,23.83,5.85,2.21
NIFTY LargeMidcap 250,14-05-2020,-,-,-,4674.95,-66.41,-1.4,1943555107,45062.93,22.57,2.43,1.46
NIFTY SME EMERGE,14-05-2020,-,-,-,1091.91,-1.23,-0.11,-,-,10.78,1.01,0.48
Nifty Oil & Gas,14-05-2020,-,-,-,4154.32,-118.64,-2.78,74560300,4047.97,11.08,1.42,3.78
NIFTY100 ESG,14-05-2020,-,-,-,1790.62,-44.03,-2.4,972376036,33519.41,25.08,2.94,1.38
NIFTY100 Enhanced ESG,14-05-2020,-,-,-,1799.82,-45.49,-2.47,937482928,32196.73,25.02,2.94,1.41
NIFTY500 Value 50,14-05-2020,-,-,-,2516.96,-41.75,-1.63,663933201,4698.29,6.43,0.61,8.17
NIFTY100 Alpha 30,14-05-2020,-,-,-,6616.25,-132.91,-1.97,206401352,18717.54,54.12,4.87,0.8
Nifty 50 Futures Index,14-05-2020,-,-,-,3045.45,-83.15,-2.66,-,-,-,-,-
Nifty Consumer Durables,14-05-2020,-,-,-,12101.01,-179.64,-1.46,11799950,662.57,40.47,7.77,0.59
Nifty Midcap 150,14-05-2020,4960.1,5006.55,4941.5,4960.85,-22.25,-0.45,772603622,7737.87,21.81,2.25,1.28
Nifty MidSmallcap 400,14-05-2020,4424.7,4461.25,4407.55,4419.25,-25.85,-0.58,973504282,9607.53,26.82,1.86,1.43
Nifty Smallcap 50,14-05-2020,1865.85,1880.7,1853.45,1859.7,-17.4,-0.93,102023071,1042.51,14.64,1.18,1.64
Nifty Smallcap 250,14-05-2020,3474.95,3494.5,3451.15,3458.8,-32,-0.92,200900660,1869.66,62.36,1.3,1.79
Nifty Private Bank,14-05-2020,10483.05,10599.4,10420.5,10444.75,-274.15,-2.56,240409314,6820.51,20.9,2.08,0.63
Nifty Tata Group 25% Cap,14-05-2020,-,-,-,3522.97,-62.88,-1.75,140217391,1876.81,17.18,1.95,1.28
Nifty Tata Group,14-05-2020,-,-,-,5706.4,-129.16,-2.21,145579299,1905.41,21.03,4.32,1.35
Nifty Mahindra Group,14-05-2020,-,-,-,6717.01,-292.2,-4.17,24163960,745.15,11.26,1.68,2.6
Nifty Aditya Birla Group,14-05-2020,-,-,-,2134.76,-11.31,-0.53,273926885,773.77,,1.06,0.49
Nifty 8-13 yr G-Sec,14-05-2020,2153.13,2165.31,2153.13,2158.49,5.74,0.27,-,-,-,-,-
Nifty 4-8 yr G-Sec Index,14-05-2020,2292.41,2300.86,2292.1,2293.12,1.11,0.05,-,-,-,-,-
Nifty 11-15 yr G-Sec Index,14-05-2020,2318.82,2331.64,2318.82,2320.8,2.39,0.1,-,-,-,-,-
Nifty 15 yr and above G-Sec Index,14-05-2020,2514.3,2528.02,2514.3,2522.07,8.23,0.33,-,-,-,-,-
Nifty Composite G-sec Index,14-05-2020,2193.76,2204.19,2193.76,2197.15,3.78,0.17,-,-,-,-,-
Nifty 10 yr Benchmark G-Sec,14-05-2020,1973.74,1988.14,1973.74,1979.15,5.74,0.29,-,-,-,-,-
Nifty 10 yr Benchmark G-Sec (Clean Price),14-05-2020,974.7,981.86,974.7,977.4,2.69,0.28,-,-,-,-,-
Nifty 1D Rate Index,14-05-2020,-,-,-,1887.77,0.11,0.01,-,-,-,-,-
Nifty50 USD,14-05-2020,-,-,-,4192.23,-116.25,-2.7,-,-,-,-,-
Nifty Next 50,27-04-2020,23170.75,23490.7,23158.55,23429.25,465.45,2.03,508458555,7362.8,62.78,3.1,1.41
Nifty 100,27-04-2020,9427.75,9544.2,9419.2,9462.15,138.45,1.48,1022920718,34065.01,22.97,2.7,1.61
Nifty 200,27-04-2020,4795.7,4850.7,4791.75,4813.15,70.75,1.49,1392979149,40748.44,22.52,2.58,1.59
Nifty 500,27-04-2020,7578,7657.65,7572.1,7603.95,110.5,1.47,1630332943,44108.47,23.55,2.49,1.57
Nifty Midcap 50,27-04-2020,3519.35,3547.85,3514.45,3531.25,60.9,1.75,312430848,5255.19,17.87,1.54,1.83
NIFTY Midcap 100,27-04-2020,12847.5,12933.95,12824.9,12893.7,198,1.56,370058431,6683.42,19.25,1.87,1.49
NIFTY Smallcap 100,27-04-2020,4018.5,4030.75,3987.6,3992,32.4,0.82,162419416,1849.51,,1.34,1.77
Nifty50 Dividend Points,27-04-2020,-,-,-,0,0,-,-,-,-,-,-
Nifty Auto,27-04-2020,5458.65,5528.8,5405.7,5433.2,55.95,1.04,106148950,2628.85,17.79,2.37,2.04
Nifty Bank,27-04-2020,19870.8,20224.75,19847.65,20081.15,494.5,2.52,299864446,8082.32,21.4,1.88,0.48
Nifty Energy,27-04-2020,12640.95,12785.05,12558.05,12581.95,81.15,0.65,115314371,4846.86,9.78,1.21,4.08
Nifty Financial Services,27-04-2020,9569.1,9749.5,9557.8,9627.6,195.75,2.08,239744655,12387.27,19.64,2.68,0.76
Nifty FMCG,27-04-2020,28805.2,29101.65,28771.6,29052.55,415.85,1.45,42007893,2912.86,33.84,9.87,1.42
Nifty IT,27-04-2020,12957.35,13248.95,12928.05,13121.15,304.95,2.38,40245218,2653.73,16.73,4.24,2.41
Nifty Media,27-04-2020,1146.95,1151,1118.25,1129.1,7.4,0.66,30420108,593.67,156.51,1.43,1.82
Nifty Metal,27-04-2020,1672.6,1687.45,1664.1,1666.6,21.4,1.3,111601513,1158.91,8.05,0.7,7.54
Nifty MNC,27-04-2020,12203.65,12373.3,12191.05,12339.6,264.9,2.19,311474184,3558.03,,3.41,2.12
Nifty Pharma,27-04-2020,9590.5,9753.5,9557.4,9602.05,83.6,0.88,75788241,4627.42,29.65,3.67,0.56
Nifty PSU Bank,27-04-2020,1280.25,1288.25,1265.7,1267.7,5.1,0.4,95141993,995.7,,0.43,0
Nifty Realty,27-04-2020,180.4,182.5,178.45,180.1,2.4,1.35,12232963,203.11,17.04,1.6,0.54
Nifty India Consumption,27-04-2020,4431.2,4463.5,4426.3,4450.65,52.75,1.2,99062864,6451.73,48.57,5.07,1.31
Nifty Commodities,27-04-2020,2514,2538.8,2511.3,2516.95,32.05,1.29,225996045,6811.58,11.21,1.14,4.13
Nifty Dividend Opportunities 50,27-04-2020,2041.6,2061.55,2040.35,2048.1,24.6,1.22,259973631,6250.21,11.88,1.8,4.86
Nifty Infrastructure,27-04-2020,2643.75,2676.45,2630.15,2635.2,20.25,0.77,185834712,7629.17,20.88,1.79,2.27
Nifty PSE,27-04-2020,2317.15,2324.8,2300.9,2303.65,10.1,0.44,151171354,1332.19,7.27,0.95,6.63
Nifty Services Sector,27-04-2020,12269.8,12459.35,12258.55,12318.05,200.95,1.66,408873180,16468.36,20.29,2.72,1.49
Nifty50 Shariah,27-04-2020,-,-,-,2269.43,35.91,1.61,103130234,5869.7,21.82,3.98,2.29
Nifty500 Shariah,27-04-2020,-,-,-,2679.93,42,1.59,348144825,13495.26,23.32,3.85,1.82
Nifty Low Volatility 50,27-04-2020,-,-,-,9588.94,106.74,1.13,187974594,15201.28,21.09,3.49,1.72
Nifty Alpha 50,27-04-2020,11016,11266.15,11000.05,11227.55,277.35,2.53,222294098,16500.22,28.4,5.35,0.58
Nifty High Beta 50,27-04-2020,-,-,-,802.6,14.37,1.82,832306425,10709.91,,0.58,3.22
Nifty100 Equal Weight,27-04-2020,10314.3,10433.7,10307.1,10388.55,181.5,1.78,1022920718,34065.01,3779.26,1.85,2.41
Nifty100 Liquid 15,27-04-2020,2270.75,2293.3,2262,2273.6,39.85,1.78,272959140,9846.19,23.04,1.31,2.31
Nifty CPSE,27-04-2020,1345.95,1347.55,1332.3,1334.05,3.5,0.26,69960318,578.03,6.93,0.92,7.5
Nifty50 Value 20,27-04-2020,4558.4,4601.3,4554.4,4568,48.85,1.08,172540519,4533.47,13.22,2.38,3.66
Nifty Midcap Liquid 15,27-04-2020,3012.55,3047.85,3011.7,3038.95,64.4,2.17,93289935,2226.79,14.64,1.66,2
Nifty Shariah 25,27-04-2020,-,-,-,3989.62,74.97,1.92,133483417,6351.5,23.24,3.42,1.81
India VIX,27-04-2020,39.1175,40.1675,35.2125,38.04,-1.08,-2.75,-,-,-,-,-
Nifty Growth Sectors 15,27-04-2020,4748.6,4810.05,4745.9,4763.1,66.05,1.41,172639881,11210.94,20.86,4.25,1.19
Nifty50 TR 1x Inverse,27-04-2020,416.95,417,411.6,415.9,-5.85,-1.39,-,-,-,-,-
Nifty50 TR 2x Leverage,27-04-2020,3654.3,3745.45,3653.9,3671.95,99.2,2.78,-,-,-,-,-
Nifty50 PR 1x Inverse,27-04-2020,476.7,476.75,470.55,475.55,-6.65,-1.38,-,-,-,-,-
Nifty50 PR 2x Leverage,27-04-2020,2791.65,2861.3,2791.35,2805.15,75.8,2.78,-,-,-,-,-
NIFTY100 Quality 30,27-04-2020,2267.65,2291.35,2265.05,2286.1,37.75,1.68,148905047,12380.71,24.01,5.61,2.08
Nifty 50 Futures TR Index,27-04-2020,-,-,-,9451.07,160.79,1.73,-,-,-,-,-
Nifty 50 Arbitrage,27-04-2020,-,-,-,1906.91,-3.68,-0.19,-,-,-,-,-
NIFTY50 Equal Weight,27-04-2020,9321,9409.9,9307.35,9362.4,152.95,1.66,512793298,26696.54,15.67,1.76,2.84
Nifty100 Low Volatility 30,27-04-2020,7730.1,7785.55,7719.05,7756.45,97.7,1.28,173915875,14764.97,20.15,3.73,1.82
NIFTY Alpha Low-Volatility 30,27-04-2020,-,-,-,10451.41,198.34,1.93,221540014,15880.81,24.04,4.48,1.33
NIFTY Quality Low-Volatility 30,27-04-2020,-,-,-,7515,119.94,1.62,104161515,9237.25,24.91,5.95,1.74
NIFTY Alpha Quality Low-Volatility 30,27-04-2020,-,-,-,8683.7,148.01,1.73,148630923,15941.89,26.95,6.35,1.4
NIFTY Alpha Quality Value Low-Volatility 30,27-04-2020,-,-,-,6591.24,96.98,1.49,172929531,11880.09,18.31,3.64,2.34
NIFTY200 Quality 30,27-04-2020,8717.95,8812.85,8709.05,8794,154.35,1.79,98331898,7552.21,24.69,6.08,2.12
NIFTY LargeMidcap 250,27-04-2020,-,-,-,4698.68,73.18,1.58,1409145180,41542.98,22.3,2.45,1.45
NIFTY SME EMERGE,27-04-2020,-,-,-,1096.32,7.08,0.65,-,-,11.04,1.03,0.48
Nifty Oil & Gas,27-04-2020,-,-,-,4172.84,49.26,1.19,86099519,4753.27,10.87,1.43,3.75
NIFTY100 ESG,27-04-2020,-,-,-,1809.93,26.04,1.46,904540574,32228.63,24.26,2.98,1.36
NIFTY100 Enhanced ESG,27-04-2020,-,-,-,1817.58,26.29,1.47,862450493,30289.09,24.19,2.98,1.39
NIFTY500 Value 50,27-04-2020,-,-,-,2464.16,14.93,0.61,263523892,2469.22,6.3,0.6,8.34
NIFTY100 Alpha 30,27-04-2020,-,-,-,6835.5,130.32,1.94,209946472,18398.49,55.16,5.05,0.78
Nifty 50 Futures Index,27-04-2020,-,-,-,3096.86,51.46,1.69,-,-,-,-,-
Nifty Consumer Durables,27-04-2020,-,-,-,12661.29,157.29,1.26,10294085,779.76,42.07,8.13,0.56
Nifty Midcap 150,27-04-2020,4913.05,4947.95,4904.65,4941,81.75,1.68,386224462,7477.97,21.59,2.24,1.28
Nifty MidSmallcap 400,27-04-2020,4423.2,4445.5,4410.95,4433.85,62.45,1.43,607412225,10043.46,26.57,1.86,1.42
Nifty Smallcap 50,27-04-2020,1886.55,1892.7,1871.95,1876.85,14.55,0.78,81870479,1237.9,14.61,1.19,1.62
Nifty Smallcap 250,27-04-2020,3552.45,3566.3,3531.85,3533,28.7,0.82,221187763,2565.5,60.17,1.33,1.75
Nifty Private Bank,27-04-2020,10691.1,10910.6,10679.65,10857.55,314.95,2.99,230395176,7213.77,20,2.16,0.6
Nifty Tata Group 25% Cap,27-04-2020,-,-,-,3573.09,67.65,1.93,72466004,2210.65,17.42,1.97,1.26
Nifty Tata Group,27-04-2020,-,-,-,5607.03,72.79,1.32,78253982,2300.18,20.65,4.24,1.37
Nifty Mahindra Group,27-04-2020,-,-,-,6073.32,37.63,0.62,16789637,503.35,10.4,1.52,2.88
Nifty Aditya Birla Group,27-04-2020,-,-,-,2025.22,30.29,1.52,274874007,565.81,,1,0.52
Nifty 8-13 yr G-Sec,27-04-2020,2128.89,2134.29,2127.1,2130.25,1.74,0.08,-,-,-,-,-
Nifty 4-8 yr G-Sec Index,27-04-2020,2274.39,2277.6,2269.61,2273.71,-0.27,-0.01,-,-,-,-,-
Nifty 11-15 yr G-Sec Index,27-04-2020,2286.8,2292.89,2285.96,2289.88,3.51,0.15,-,-,-,-,-
Nifty 15 yr and above G-Sec Index,27-04-2020,2508.69,2510.46,2508.69,2509.77,1.54,0.06,-,-,-,-,-
Nifty Composite G-sec Index,27-04-2020,2174.72,2179.73,2172.04,2176.08,1.74,0.08,-,-,-,-,-
Nifty 10 yr Benchmark G-Sec,27-04-2020,1958.4,1964.52,1956.49,1960.32,2.26,0.12,-,-,-,-,-
Nifty 10 yr Benchmark G-Sec (Clean Price),27-04-2020,969.97,973.02,969.02,970.93,0.95,0.1,-,-,-,-,-
Nifty 1D Rate Index,27-04-2020,-,-,-,1885.02,0.32,0.02,-,-,-,-,-
Nifty50 USD,27-04-2020,-,-,-,4218.26,69.41,1.67,-,-,-,-,-
Nifty Next 50,28-04-2020,23680.25,23691.6,23234.4,23367.95,-61.3,-0.26,550463499,6313.24,62.71,3.09,1.41
Nifty 100,28-04-2020,9570.6,9582.4,9434.15,9545.05,82.9,0.88,1167294737,36412.49,23.18,2.72,1.59
Nifty 200,28-04-2020,4867.75,4873.25,4799.55,4857.45,44.3,0.92,1562339922,43501.26,22.73,2.6,1.58
Nifty 500,28-04-2020,7690.55,7698.55,7584.85,7672.45,68.5,0.9,1782031657,46644.07,23.77,2.52,1.56
Nifty Midcap 50,28-04-2020,3570.15,3606.95,3528.45,3597.8,66.55,1.88,357934610,6173.32,18.2,1.57,1.79
NIFTY Midcap 100,28-04-2020,13026.05,13090.7,12857.05,13061,167.3,1.3,395045185,7088.76,19.5,1.89,1.47
NIFTY Smallcap 100,28-04-2020,4048.5,4054.25,3976.95,4021.65,29.65,0.74,136944897,1807.66,,1.35,1.76
Nifty50 Dividend Points,28-04-2020,-,-,-,0,0,-,-,-,-,-,-
Nifty Auto,28-04-2020,5476.85,5524.05,5399.3,5447.1,13.9,0.26,99044323,2268.15,17.83,2.38,2.03
Nifty Bank,28-04-2020,20436.6,20751.3,20260.8,20671.1,589.95,2.94,367772101,10339.15,22.07,1.93,0.47
Nifty Energy,28-04-2020,12677.95,12713,12433.45,12547.7,-34.25,-0.27,169197849,6683.45,9.75,1.21,4.09
Nifty Financial Services,28-04-2020,9766.45,9978.4,9696.1,9951.2,323.6,3.36,244696501,13129.2,20.3,2.77,0.74
Nifty FMCG,28-04-2020,29208.9,29233.4,28636,28778.15,-274.4,-0.94,39175236,2465.34,33.52,9.77,1.43
Nifty IT,28-04-2020,13301.95,13317.2,13067.75,13133.65,12.5,0.1,38809479,2312.16,16.74,4.24,2.4
Nifty Media,28-04-2020,1137.8,1145.2,1128.55,1134.9,5.8,0.51,24944589,422.29,157.31,1.43,1.81
Nifty Metal,28-04-2020,1678.3,1685.95,1653.8,1661.65,-4.95,-0.3,112137492,1107.54,8.02,0.7,7.56
Nifty MNC,28-04-2020,12463.05,12470.55,12222,12254.25,-85.35,-0.69,385746700,3519.77,,3.39,2.14
Nifty Pharma,28-04-2020,9699.25,9701,9352,9386.2,-215.85,-2.25,51486443,3152.36,28.99,3.59,0.58
Nifty PSU Bank,28-04-2020,1276.1,1290.3,1267.9,1283.6,15.9,1.25,109421972,1181.88,,0.44,0
Nifty Realty,28-04-2020,182.25,182.6,179.75,181.5,1.4,0.78,14295543,200.2,17.17,1.62,0.54
Nifty India Consumption,28-04-2020,4474.35,4481.05,4397.55,4417.2,-33.45,-0.75,100786410,5927.99,48.21,5.03,1.32
Nifty Commodities,28-04-2020,2543.3,2546.95,2510.4,2517.6,0.65,0.03,275453864,8714.27,11.21,1.14,4.13
Nifty Dividend Opportunities 50,28-04-2020,2062.5,2065.3,2033.4,2043.4,-4.7,-0.23,312030947,6047.59,11.85,1.8,4.87
Nifty Infrastructure,28-04-2020,2660.4,2663.85,2616.7,2632.55,-2.65,-0.1,251993317,9836.32,20.86,1.79,2.27
Nifty PSE,28-04-2020,2311.3,2315.9,2285.75,2289.75,-13.9,-0.6,195860275,1974.06,7.23,0.94,6.67
Nifty Services Sector,28-04-2020,12490.6,12638.95,12371.1,12595.85,277.8,2.26,494814069,19685.85,20.76,2.78,1.46
Nifty50 Shariah,28-04-2020,-,-,-,2261.53,-7.9,-0.35,120623923,5509.08,21.75,3.97,2.3
Nifty500 Shariah,28-04-2020,-,-,-,2671.09,-8.84,-0.33,320284750,11710.23,23.24,3.84,1.83
Nifty Low Volatility 50,28-04-2020,-,-,-,9583.86,-5.08,-0.05,208051336,15994.34,21.08,3.49,1.72
Nifty Alpha 50,28-04-2020,11335.05,11401.4,11228.6,11378.55,151,1.34,234249661,18011.17,28.78,5.42,0.58
Nifty High Beta 50,28-04-2020,-,-,-,814.43,11.83,1.47,960789205,13339.59,,0.59,3.18
Nifty100 Equal Weight,28-04-2020,10492.2,10509.25,10346.6,10401,12.45,0.12,1167294737,36412.49,4033.63,1.85,2.4
Nifty100 Liquid 15,28-04-2020,2303.6,2325.7,2274.05,2318.7,45.1,1.98,347275905,12014.52,23.54,1.33,2.27
Nifty CPSE,28-04-2020,1333.9,1337.7,1317.25,1320.95,-13.1,-0.98,88289584,782.43,6.87,0.91,7.57
Nifty50 Value 20,28-04-2020,4603,4609.05,4527.8,4550.15,-17.85,-0.39,232481712,5025.17,13.17,2.37,3.67
Nifty Midcap Liquid 15,28-04-2020,3065.6,3095.1,3034.65,3083.2,44.25,1.46,112675873,2038.67,14.86,1.68,1.97
Nifty Shariah 25,28-04-2020,-,-,-,3962.34,-27.28,-0.68,150010415,5823.86,23.08,3.4,1.82
India VIX,28-04-2020,38.0425,41.9125,35.0675,35.36,-2.69,-7.06,-,-,-,-,-
Nifty Growth Sectors 15,28-04-2020,4816.45,4864.25,4768.5,4849.1,86,1.81,212420410,12876.65,21.26,4.32,1.16
Nifty50 TR 1x Inverse,28-04-2020,411.15,416.95,410.55,411.55,-4.35,-1.05,-,-,-,-,-
Nifty50 TR 2x Leverage,28-04-2020,3756.75,3767.3,3654.3,3749.75,77.8,2.12,-,-,-,-,-
Nifty50 PR 1x Inverse,28-04-2020,470.05,476.7,469.35,470.5,-5.05,-1.06,-,-,-,-,-
Nifty50 PR 2x Leverage,28-04-2020,2869.95,2877.95,2791.65,2864.55,59.4,2.12,-,-,-,-,-
NIFTY100 Quality 30,28-04-2020,2306.45,2309,2265.1,2276.25,-9.85,-0.43,187004399,13575.67,23.92,5.59,2.09
Nifty 50 Futures TR Index,28-04-2020,-,-,-,9556.05,104.98,1.11,-,-,-,-,-
Nifty 50 Arbitrage,28-04-2020,-,-,-,1906.48,-0.43,-0.02,-,-,-,-,-
NIFTY50 Equal Weight,28-04-2020,9453.4,9465.5,9336.95,9407.9,45.5,0.49,614548983,30091.41,15.75,1.77,2.82
Nifty100 Low Volatility 30,28-04-2020,7822.4,7830.75,7680.45,7710.6,-45.85,-0.59,185416235,15381.07,20.03,3.71,1.84
NIFTY Alpha Low-Volatility 30,28-04-2020,-,-,-,10437.52,-13.89,-0.13,241435740,17496.32,24,4.47,1.34
NIFTY Quality Low-Volatility 30,28-04-2020,-,-,-,7467.99,-47.01,-0.63,106551066,8732.97,24.76,5.92,1.75
NIFTY Alpha Quality Low-Volatility 30,28-04-2020,-,-,-,8661.94,-21.76,-0.25,164610562,17322.92,26.89,6.34,1.41
NIFTY Alpha Quality Value Low-Volatility 30,28-04-2020,-,-,-,6543.2,-48.04,-0.73,192714110,12608.13,18.18,3.61,2.35
NIFTY200 Quality 30,28-04-2020,8863.4,8873.3,8699.3,8721.65,-72.35,-0.82,101103861,6624.85,24.49,6.03,2.14
NIFTY LargeMidcap 250,28-04-2020,-,-,-,4745.63,46.95,1,1579218932,44250.17,22.52,2.47,1.44
NIFTY SME EMERGE,28-04-2020,-,-,-,1095.94,-0.38,-0.03,-,-,11.04,1.03,0.48
Nifty Oil & Gas,28-04-2020,-,-,-,4201.18,28.34,0.68,142366379,6676.66,10.94,1.44,3.72
NIFTY100 ESG,28-04-2020,-,-,-,1823.84,13.91,0.77,1009758403,34321.23,24.46,3,1.35
NIFTY100 Enhanced ESG,28-04-2020,-,-,-,1832.72,15.13,0.83,977787992,33048.09,24.4,3,1.38
NIFTY500 Value 50,28-04-2020,-,-,-,2476.58,12.42,0.5,297813174,2895.73,6.33,0.6,8.3
NIFTY100 Alpha 30,28-04-2020,-,-,-,6821.66,-13.84,-0.2,223539380,20289.97,55.07,5.04,0.78
Nifty 50 Futures Index,28-04-2020,-,-,-,3130.84,33.98,1.1,-,-,-,-,-
Nifty Consumer Durables,28-04-2020,-,-,-,12862.78,201.49,1.59,12576501,842.26,42.74,8.26,0.56
Nifty Midcap 150,28-04-2020,4990.8,5008.15,4934.25,4996.9,55.9,1.13,411924195,7837.68,21.84,2.26,1.27
Nifty MidSmallcap 400,28-04-2020,4482.85,4493.6,4426.8,4478.75,44.9,1.01,614736920,10231.58,26.84,1.88,1.41
Nifty Smallcap 50,28-04-2020,1899.5,1902.75,1865.1,1897.6,20.75,1.11,84304766,1284.43,14.77,1.21,1.6
Nifty Smallcap 250,28-04-2020,3580.4,3585.65,3524.95,3558.7,25.7,0.73,202812725,2393.9,60.6,1.33,1.74
Nifty Private Bank,28-04-2020,11091.9,11298.55,10979.25,11243.55,386,3.56,290369741,9327.43,20.77,2.24,0.58
Nifty Tata Group 25% Cap,28-04-2020,-,-,-,3594.57,21.48,0.6,69780136,1627.77,17.53,1.99,1.25
Nifty Tata Group,28-04-2020,-,-,-,5664.47,57.44,1.02,75040331,1694.58,20.86,4.28,1.36
Nifty Mahindra Group,28-04-2020,-,-,-,6205.19,131.88,2.17,21338601,583.14,10.63,1.55,2.82
Nifty Aditya Birla Group,28-04-2020,-,-,-,2038.47,13.25,0.65,324577486,670.82,,1.01,0.51
Nifty 8-13 yr G-Sec,28-04-2020,2130.64,2135.24,2130.64,2132.39,2.14,0.1,-,-,-,-,-
Nifty 4-8 yr G-Sec Index,28-04-2020,2274.12,2282.26,2274.12,2275.1,1.39,0.06,-,-,-,-,-
Nifty 11-15 yr G-Sec Index,28-04-2020,2290.3,2294.53,2287.92,2289.29,-0.59,-0.03,-,-,-,-,-
Nifty 15 yr and above G-Sec Index,28-04-2020,2510.22,2510.22,2505.92,2505.92,-3.85,-0.15,-,-,-,-,-
Nifty Composite G-sec Index,28-04-2020,2176.47,2182.03,2176.09,2177.51,1.43,0.07,-,-,-,-,-
Nifty 10 yr Benchmark G-Sec,28-04-2020,1960.66,1967.92,1960.66,1962.81,2.49,0.13,-,-,-,-,-
Nifty 10 yr Benchmark G-Sec (Clean Price),28-04-2020,970.92,974.54,970.92,972,1.07,0.11,-,-,-,-,-
Nifty 1D Rate Index,28-04-2020,-,-,-,1885.17,0.15,0.01,-,-,-,-,-
Nifty50 USD,28-04-2020,-,-,-,4266.42,48.16,1.14,-,-,-,-,-
Nifty Next 50,29-04-2020,23498.2,23694.7,23426.55,23624.05,256.1,1.1,727077340,7085.38,63.59,3.12,1.4
Nifty 100,29-04-2020,9576.75,9754.15,9561.5,9710.7,165.65,1.74,1383333673,38769.8,23.87,2.77,1.57
Nifty 200,29-04-2020,4874.9,4960.25,4868,4939.45,82,1.69,1833236088,45139.61,23.36,2.64,1.55
Nifty 500,29-04-2020,7702.6,7828.3,7692.95,7797.2,124.75,1.63,2061251466,48475.36,24.4,2.56,1.53
Nifty Midcap 50,29-04-2020,3623.3,3663.4,3609.4,3649.15,51.35,1.43,381539493,5263.24,18.47,1.59,1.77
NIFTY Midcap 100,29-04-2020,13138.4,13263.55,13115.7,13227.55,166.55,1.28,449902415,6369.81,19.75,1.91,1.45
NIFTY Smallcap 100,29-04-2020,4055.6,4074.65,4029.75,4050.7,29.05,0.72,155681149,2109.01,,1.36,1.74
Nifty50 Dividend Points,29-04-2020,-,-,-,0.99,0,-,-,-,-,-,-
Nifty Auto,29-04-2020,5492,5568,5461.05,5543.75,96.65,1.77,200005473,3237.16,18.15,2.42,1.99
Nifty Bank,29-04-2020,20440.4,21348.15,20393.65,21090.2,419.1,2.03,400629555,12331.95,24.2,1.97,0.46
Nifty Energy,29-04-2020,12664.5,12721.3,12581.25,12611.55,63.85,0.51,122280952,3571.56,9.8,1.22,4.07
Nifty Financial Services,29-04-2020,9919.4,10392.85,9900.5,10292.9,341.7,3.43,352449698,17536.88,21.67,2.86,0.71
Nifty FMCG,29-04-2020,28887.5,28932.35,28608.25,28665,-113.15,-0.39,43005148,2702.84,33.39,9.73,1.43
Nifty IT,29-04-2020,13250.6,13470.8,13144.8,13424.95,291.3,2.22,37634296,2533.71,17.11,4.34,2.35
Nifty Media,29-04-2020,1146.55,1179.3,1137.1,1165.95,31.05,2.74,42193340,806.68,161.62,1.47,1.76
Nifty Metal,29-04-2020,1666.35,1730.8,1662.2,1723.8,62.15,3.74,190737433,1930.2,8.33,0.73,7.29
Nifty MNC,29-04-2020,12323.25,12358.05,12272,12311.9,57.65,0.47,440251258,3613.3,,3.41,2.13
Nifty Pharma,29-04-2020,9453.3,9498.15,9339.75,9385.45,-0.75,-0.01,47209223,2863.35,28.99,3.59,0.58
Nifty PSU Bank,29-04-2020,1290.9,1323.5,1282.85,1315.6,32,2.49,136976534,1450.4,,0.45,0
Nifty Realty,29-04-2020,182.85,184.7,182.45,183.15,1.65,0.91,14508844,218.98,17.33,1.63,0.53
Nifty India Consumption,29-04-2020,4443.75,4444.75,4415.15,4422,4.8,0.11,116266503,6149.68,48.26,5.03,1.32
Nifty Commodities,29-04-2020,2529.05,2563.45,2522.2,2548.55,30.95,1.23,311575257,6119.51,11.35,1.16,4.08
Nifty Dividend Opportunities 50,29-04-2020,2056.3,2074.65,2050.95,2069.7,26.3,1.29,356111784,7467.87,12,1.82,4.81
Nifty Infrastructure,29-04-2020,2652.2,2675.85,2641.15,2664.35,31.8,1.21,215814661,6390.31,21.12,1.81,2.24
Nifty PSE,29-04-2020,2306.35,2336.65,2298.55,2326.9,37.15,1.62,226904673,1781.82,7.34,0.96,6.56
Nifty Services Sector,29-04-2020,12602,13054.75,12576.95,12976.05,380.2,3.02,552864267,23624,21.84,2.87,1.42
Nifty50 Shariah,29-04-2020,-,-,-,2277.14,15.61,0.69,124999921,6292.28,21.9,4,2.28
Nifty500 Shariah,29-04-2020,-,-,-,2691.83,20.75,0.78,416007308,13242.06,23.42,3.87,1.81
Nifty Low Volatility 50,29-04-2020,-,-,-,9648.66,64.8,0.68,205020915,16283.41,21.2,3.51,1.71
Nifty Alpha 50,29-04-2020,11439.3,11530.05,11410.4,11508.1,129.55,1.14,231011845,16231.34,29.18,5.48,0.57
Nifty High Beta 50,29-04-2020,-,-,-,835.25,20.82,2.56,1195943568,14995.08,,0.61,3.1
Nifty100 Equal Weight,29-04-2020,10450.95,10583.5,10427.25,10562.4,161.4,1.55,1383333673,38769.8,30401.32,1.88,2.37
Nifty100 Liquid 15,29-04-2020,2304.95,2359.55,2296.6,2351.6,32.9,1.42,426548766,13608.75,25.84,1.35,2.24
Nifty CPSE,29-04-2020,1331.25,1347.8,1324.8,1341.75,20.8,1.57,88032132,707.49,6.97,0.93,7.45
Nifty50 Value 20,29-04-2020,4578.7,4619.4,4558.85,4613.05,62.9,1.38,231939126,6107.4,13.36,2.41,3.62
Nifty Midcap Liquid 15,29-04-2020,3104.45,3151.3,3095.2,3143.6,60.4,1.96,108910140,1774.31,15.15,1.72,1.94
Nifty Shariah 25,29-04-2020,-,-,-,3946.5,-15.84,-0.4,172690674,6103.64,23,3.38,1.82
India VIX,29-04-2020,35.355,35.355,31.4825,33.84,-1.52,-4.29,-,-,-,-,-
Nifty Growth Sectors 15,29-04-2020,4862.35,4964.9,4856.1,4937.95,88.85,1.83,214768029,15139.65,21.65,4.4,1.14
Nifty50 TR 1x Inverse,29-04-2020,410.3,410.85,401.95,403.95,-7.6,-1.85,-,-,-,-,-
Nifty50 TR 2x Leverage,29-04-2020,3772.4,3924.85,3762.4,3888.1,138.35,3.69,-,-,-,-,-
Nifty50 PR 1x Inverse,29-04-2020,469.15,469.8,459.6,461.9,-8.6,-1.83,-,-,-,-,-
Nifty50 PR 2x Leverage,29-04-2020,2881.25,2997.7,2873.65,2969.65,105.1,3.67,-,-,-,-,-
NIFTY100 Quality 30,29-04-2020,2286.45,2294.7,2277.45,2287.9,11.65,0.51,241413481,16118.68,24.04,5.62,2.08
Nifty 50 Futures TR Index,29-04-2020,-,-,-,9713.32,157.26,1.65,-,-,-,-,-
Nifty 50 Arbitrage,29-04-2020,-,-,-,1909.46,2.97,0.16,-,-,-,-,-
NIFTY50 Equal Weight,29-04-2020,9442.05,9570.5,9422.55,9549.7,141.8,1.51,653026950,31673.23,16.09,1.8,2.78
Nifty100 Low Volatility 30,29-04-2020,7757.45,7771.05,7725.75,7751.1,40.5,0.53,190380854,15856.84,20.13,3.73,1.83
NIFTY Alpha Low-Volatility 30,29-04-2020,-,-,-,10471.89,34.37,0.33,262860729,18491.57,24.38,4.49,1.33
NIFTY Quality Low-Volatility 30,29-04-2020,-,-,-,7509.11,41.12,0.55,131282137,11594.73,24.89,5.95,1.74
NIFTY Alpha Quality Low-Volatility 30,29-04-2020,-,-,-,8708.55,46.61,0.54,167137961,17729.87,27.03,6.37,1.4
NIFTY Alpha Quality Value Low-Volatility 30,29-04-2020,-,-,-,6579.34,36.14,0.55,189472111,11867.21,18.28,3.63,2.34
NIFTY200 Quality 30,29-04-2020,8771.85,8782.2,8717.75,8752.65,31,0.36,156767725,7894.52,24.57,6.05,2.13
NIFTY LargeMidcap 250,29-04-2020,-,-,-,4816.13,70.51,1.49,1848688430,45750.12,22.99,2.51,1.42
NIFTY SME EMERGE,29-04-2020,-,-,-,1096.49,0.55,0.05,-,-,10.83,1.01,0.48
Nifty Oil & Gas,29-04-2020,-,-,-,4247.42,46.24,1.1,92803709,3625.54,11.06,1.45,3.68
NIFTY100 ESG,29-04-2020,-,-,-,1850.64,26.79,1.47,1219469798,36624.99,25.36,3.05,1.33
NIFTY100 Enhanced ESG,29-04-2020,-,-,-,1859.87,27.15,1.48,1193535821,35578.93,25.3,3.04,1.36
NIFTY500 Value 50,29-04-2020,-,-,-,2539.08,62.51,2.52,424784280,4238.25,6.49,0.62,8.1
NIFTY100 Alpha 30,29-04-2020,-,-,-,6844.9,23.24,0.34,242159047,21024.01,55.76,5.06,0.77
Nifty 50 Futures Index,29-04-2020,-,-,-,3181.94,51.1,1.63,-,-,-,-,-
Nifty Consumer Durables,29-04-2020,-,-,-,12952.62,89.84,0.7,11565601,735.38,43.04,8.32,0.55
Nifty Midcap 150,29-04-2020,5026.35,5068.3,5015.3,5058.3,61.4,1.23,465354757,6980.32,22.09,2.29,1.25
Nifty MidSmallcap 400,29-04-2020,4508.7,4539.85,4495.9,4529.45,50.7,1.13,677917793,9705.56,27.13,1.9,1.39
Nifty Smallcap 50,29-04-2020,1914.45,1932.3,1902.95,1916.05,18.45,0.97,98994677,1510.5,14.91,1.22,1.59
Nifty Smallcap 250,29-04-2020,3589.3,3602.55,3572.85,3590.55,31.85,0.89,212563036,2725.24,61.15,1.35,1.72
Nifty Private Bank,29-04-2020,11091.75,11601.9,11064.95,11455.7,212.15,1.89,299844010,11091.73,22.78,2.28,0.57
Nifty Tata Group 25% Cap,29-04-2020,-,-,-,3639.06,44.49,1.24,89071473,2266.32,17.75,2.01,1.23
Nifty Tata Group,29-04-2020,-,-,-,5779.24,114.77,2.03,95003559,2311.61,21.28,4.37,1.33
Nifty Mahindra Group,29-04-2020,-,-,-,6352.21,147.02,2.37,23910341,762.16,10.88,1.59,2.75
Nifty Aditya Birla Group,29-04-2020,-,-,-,2074.64,36.17,1.77,388078708,788.69,,1.03,0.51
Nifty 8-13 yr G-Sec,29-04-2020,2132.78,2134.57,2131.89,2133.79,1.4,0.07,-,-,-,-,-
Nifty 4-8 yr G-Sec Index,29-04-2020,2275.51,2275.51,2273.16,2273.8,-1.3,-0.06,-,-,-,-,-
Nifty 11-15 yr G-Sec Index,29-04-2020,2289.72,2291.01,2287.01,2290.06,0.77,0.03,-,-,-,-,-
Nifty 15 yr and above G-Sec Index,29-04-2020,2506.38,2506.38,2503.63,2503.63,-2.29,-0.09,-,-,-,-,-
Nifty Composite G-sec Index,29-04-2020,2177.9,2179.06,2176.6,2178.31,0.8,0.04,-,-,-,-,-
Nifty 10 yr Benchmark G-Sec,29-04-2020,1963.15,1966.55,1961.76,1964.88,2.07,0.11,-,-,-,-,-
Nifty 10 yr Benchmark G-Sec (Clean Price),29-04-2020,971.99,973.68,971.3,972.85,0.85,0.09,-,-,-,-,-
Nifty 1D Rate Index,29-04-2020,-,-,-,1885.34,0.17,0.01,-,-,-,-,-
Nifty50 USD,29-04-2020,-,-,-,4374.06,107.64,2.52,-,-,-,-,-
Nifty Next 50,30-04-2020,23967.45,24164.3,23845.3,24102.75,478.7,2.03,693100856,8745.46,64.88,3.18,1.37
Nifty 100,30-04-2020,9906.05,10031.95,9883.55,10006.9,296.2,3.05,1643801529,48154.19,24.6,2.85,1.52
Nifty 200,30-04-2020,5036.45,5099.3,5026.35,5085.1,145.65,2.95,2300127998,56880.96,24.05,2.72,1.51
Nifty 500,30-04-2020,7947.15,8041.05,7933.3,8012.9,215.7,2.77,2658018047,61021.02,25.07,2.63,1.49
Nifty Midcap 50,30-04-2020,3707.5,3752.7,3695.1,3722.4,73.25,2.01,573647009,7216.72,18.84,1.63,1.73
NIFTY Midcap 100,30-04-2020,13433.1,13598.35,13408.7,13502,274.45,2.07,656326469,8726.77,20.16,1.95,1.42
NIFTY Smallcap 100,30-04-2020,4124.65,4148.5,4068.45,4078,27.3,0.67,192885264,2590.16,,1.37,1.73
Nifty50 Dividend Points,30-04-2020,-,-,-,0.99,0,-,-,-,-,-,-
Nifty Auto,30-04-2020,5667.35,5926.5,5660.55,5901.4,357.65,6.45,337079062,6263.07,19.32,2.58,1.87
Nifty Bank,30-04-2020,21589.2,21967,21353.65,21534.5,444.3,2.11,471511130,11158.91,24.71,2.01,0.45
Nifty Energy,30-04-2020,12821.2,13228.65,12711.2,13154.7,543.15,4.31,203147396,6473.57,10.23,1.27,3.9
Nifty Financial Services,30-04-2020,10504.1,10695.45,10476,10570.8,277.9,2.7,292221446,14220.22,22.26,2.94,0.69
Nifty FMCG,30-04-2020,29078.45,29078.45,28460.05,28669.3,4.3,0.02,65338853,4467.92,33.39,9.74,1.43
Nifty IT,30-04-2020,13841.6,14212.1,13750.25,14108.35,683.4,5.09,61232875,4084.45,17.98,4.56,2.24
Nifty Media,30-04-2020,1185.15,1190,1155.1,1159.75,-6.2,-0.53,31930353,535.42,160.76,1.47,1.77
Nifty Metal,30-04-2020,1763.5,1871.95,1761.05,1859.9,136.1,7.9,254541594,2866.96,8.98,0.79,6.76
Nifty MNC,30-04-2020,12481.4,12552,12431.75,12524.9,213,1.73,458921251,5992.81,,3.47,2.09
Nifty Pharma,30-04-2020,9522.55,9556.5,9253.9,9327.1,-58.35,-0.62,68640854,4457.98,28.81,3.57,0.58
Nifty PSU Bank,30-04-2020,1338.05,1364.6,1321.05,1326.05,10.45,0.79,174611287,1728.94,,0.45,0
Nifty Realty,30-04-2020,185.65,191.75,185.05,187.3,4.15,2.27,18725387,327.69,17.72,1.67,0.52
Nifty India Consumption,30-04-2020,4484.25,4521.15,4450.5,4509.05,87.05,1.97,173413370,10386.86,49.21,5.13,1.29
Nifty Commodities,30-04-2020,2590.3,2691.95,2581.45,2679.95,131.4,5.16,469024382,11042.13,11.93,1.21,3.88
Nifty Dividend Opportunities 50,30-04-2020,2110.2,2154.8,2095.65,2145.25,75.55,3.65,508569502,10844.38,12.44,1.89,4.64
Nifty Infrastructure,30-04-2020,2706.25,2762.9,2688.55,2753.15,88.8,3.33,342952340,11509.1,21.82,1.87,2.17
Nifty PSE,30-04-2020,2361.15,2451.7,2348.65,2439.3,112.4,4.83,307273055,2485.12,7.7,1,6.26
Nifty Services Sector,30-04-2020,13283.25,13501.45,13272.4,13437.95,461.9,3.56,537135135,21734.49,22.61,2.97,1.37
Nifty50 Shariah,30-04-2020,-,-,-,2370.05,92.91,4.08,221646007,11140.96,22.79,4.16,2.19
Nifty500 Shariah,30-04-2020,-,-,-,2769.35,77.52,2.88,584506669,19874.86,24.09,3.98,1.76
Nifty Low Volatility 50,30-04-2020,-,-,-,9842.15,193.49,2.01,261250779,21818.79,21.62,3.58,1.67
Nifty Alpha 50,30-04-2020,11659.15,11799.95,11647.65,11722.2,214.1,1.86,262703990,19475.42,29.72,5.59,0.56
Nifty High Beta 50,30-04-2020,-,-,-,862.61,27.35,3.27,1418048218,15438.04,,0.63,3
Nifty100 Equal Weight,30-04-2020,10755.55,10924.5,10726.15,10890.3,327.9,3.1,1643801529,48154.19,31345.18,1.94,2.29
Nifty100 Liquid 15,30-04-2020,2405.2,2437.95,2397.1,2430.9,79.3,3.37,593875345,13991.38,26.71,1.4,2.17
Nifty CPSE,30-04-2020,1363.85,1430.95,1356.95,1421.65,79.9,5.95,134534972,1162.35,7.39,0.98,7.04
Nifty50 Value 20,30-04-2020,4724.9,4831.55,4684.05,4803.55,190.5,4.13,349266566,10012.96,13.91,2.51,3.48
Nifty Midcap Liquid 15,30-04-2020,3200.45,3249.5,3193.4,3208.9,65.3,2.08,200885627,2893.93,15.46,1.75,1.9
Nifty Shariah 25,30-04-2020,-,-,-,4043.35,96.86,2.45,230572159,10209.94,23.56,3.47,1.78
India VIX,30-04-2020,33.8375,34.2525,32.535,33.99,0.15,0.44,-,-,-,-,-
Nifty Growth Sectors 15,30-04-2020,5019.65,5066.55,4982,5022.25,84.3,1.71,188748359,14346.6,22.02,4.48,1.12
Nifty50 TR 1x Inverse,30-04-2020,395.5,396.35,389.8,391,-12.95,-3.21,-,-,-,-,-
Nifty50 TR 2x Leverage,30-04-2020,4050.7,4161,4035.05,4137.3,249.2,6.41,-,-,-,-,-
Nifty50 PR 1x Inverse,30-04-2020,452.25,453.2,445.7,447.1,-14.8,-3.2,-,-,-,-,-
Nifty50 PR 2x Leverage,30-04-2020,3093.85,3178.1,3081.9,3159.95,190.3,6.41,-,-,-,-,-
NIFTY100 Quality 30,30-04-2020,2329.95,2359.2,2316.45,2350.15,62.25,2.72,220598715,17715.38,24.7,5.77,2.02
Nifty 50 Futures TR Index,30-04-2020,-,-,-,9996.42,283.1,2.91,-,-,-,-,-
Nifty 50 Arbitrage,30-04-2020,-,-,-,1908.99,-0.47,-0.02,-,-,-,-,-
NIFTY50 Equal Weight,30-04-2020,9746.8,9994.8,9716.45,9958.85,409.15,4.28,931173802,39332.46,16.78,1.88,2.67
Nifty100 Low Volatility 30,30-04-2020,7886.55,8003.6,7835.7,7974.55,223.45,2.88,241856097,21662.98,20.71,3.83,1.77
NIFTY Alpha Low-Volatility 30,30-04-2020,-,-,-,10714.41,242.52,2.32,284203886,21877.57,24.95,4.59,1.3
NIFTY Quality Low-Volatility 30,30-04-2020,-,-,-,7714.45,205.33,2.73,174344036,15204.57,25.57,6.11,1.7
NIFTY Alpha Quality Low-Volatility 30,30-04-2020,-,-,-,8909.53,200.98,2.31,217934094,21327.54,27.65,6.52,1.37
NIFTY Alpha Quality Value Low-Volatility 30,30-04-2020,-,-,-,6761.61,182.27,2.77,278306211,17689.61,18.78,3.73,2.28
NIFTY200 Quality 30,30-04-2020,8898.3,9017.35,8839.65,8981.1,228.45,2.61,167862378,12337.3,25.21,6.21,2.08
NIFTY LargeMidcap 250,30-04-2020,-,-,-,4933.99,117.86,2.45,2316456927,57596.77,23.55,2.57,1.38
NIFTY SME EMERGE,30-04-2020,-,-,-,1103.18,6.69,0.61,-,-,10.89,1.02,0.48
Nifty Oil & Gas,30-04-2020,-,-,-,4422.85,175.43,4.13,160542463,6448.44,11.52,1.51,3.54
NIFTY100 ESG,30-04-2020,-,-,-,1907.64,57.01,3.08,1357610583,44330.05,26.14,3.14,1.29
NIFTY100 Enhanced ESG,30-04-2020,-,-,-,1919.32,59.45,3.2,1313591792,42466.88,26.11,3.14,1.32
NIFTY500 Value 50,30-04-2020,-,-,-,2652.01,112.93,4.45,558193818,5321.88,6.78,0.64,7.75
NIFTY100 Alpha 30,30-04-2020,-,-,-,7041.43,196.53,2.87,264686144,23927.51,57.36,5.21,0.75
Nifty 50 Futures Index,30-04-2020,-,-,-,3274.25,92.31,2.9,-,-,-,-,-
Nifty Consumer Durables,30-04-2020,-,-,-,13317.71,365.09,2.82,15459610,1065.55,44.25,8.55,0.54
Nifty Midcap 150,30-04-2020,5132.65,5188.3,5127.05,5149.6,91.3,1.8,672655398,9442.59,22.49,2.33,1.23
Nifty MidSmallcap 400,30-04-2020,4598.45,4638.6,4586.05,4596.7,67.25,1.48,1014216518,12866.83,27.54,1.93,1.37
Nifty Smallcap 50,30-04-2020,1953.5,1967.6,1919.2,1924.65,8.6,0.45,122071874,1879.95,14.98,1.22,1.58
Nifty Smallcap 250,30-04-2020,3649.9,3664.5,3609.95,3615.75,25.2,0.7,341561120,3424.24,61.58,1.36,1.71
Nifty Private Bank,30-04-2020,11739.85,11981.6,11639,11743.45,287.75,2.51,339292572,9688.92,23.35,2.34,0.56
Nifty Tata Group 25% Cap,30-04-2020,-,-,-,3839.68,200.62,5.51,250466095,4363.97,18.72,2.12,1.17
Nifty Tata Group,30-04-2020,-,-,-,6104.24,325,5.62,274450752,4497.13,22.48,4.62,1.26
Nifty Mahindra Group,30-04-2020,-,-,-,6618.26,266.04,4.19,29356119,971.09,11.33,1.65,2.64
Nifty Aditya Birla Group,30-04-2020,-,-,-,2145.27,70.63,3.4,371310938,1446.03,,1.06,0.49
Nifty 8-13 yr G-Sec,30-04-2020,2134.17,2136.76,2132.08,2136.19,2.4,0.11,-,-,-,-,-
Nifty 4-8 yr G-Sec Index,30-04-2020,2274.2,2278.23,2272.1,2278.23,4.43,0.19,-,-,-,-,-
Nifty 11-15 yr G-Sec Index,30-04-2020,2290.48,2295.01,2286.4,2295.01,4.95,0.22,-,-,-,-,-
Nifty 15 yr and above G-Sec Index,30-04-2020,2504.08,2504.08,2502.35,2502.35,-1.28,-0.05,-,-,-,-,-
Nifty Composite G-sec Index,30-04-2020,2178.7,2181.2,2176.6,2181.15,2.84,0.13,-,-,-,-,-
Nifty 10 yr Benchmark G-Sec,30-04-2020,1965.21,1967.65,1962.87,1967.13,2.25,0.11,-,-,-,-,-
Nifty 10 yr Benchmark G-Sec (Clean Price),30-04-2020,972.85,974.06,971.68,973.8,0.95,0.1,-,-,-,-,-
Nifty 1D Rate Index,30-04-2020,-,-,-,1885.52,0.18,0.01,-,-,-,-,-
Nifty50 USD,30-04-2020,-,-,-,4549.51,175.45,4.01,-,-,-,-,-
